-- =====================================================
-- Oracle Database INSERT Script for Banking Data
-- =====================================================
-- This script populates the banking tables with sample data
-- Generated on: 2025-11-16 10:23:54
-- Total Records: Banks=6, Financial Performance=120, Market Data=120
-- =====================================================

-- Enable DBMS_OUTPUT to see progress messages
SET SERVEROUTPUT ON;
SET DEFINE OFF;

-- Disable constraints for faster loading
ALTER TABLE FINANCIAL_PERFORMANCE DISABLE CONSTRAINT FK_FIN_PERF_BANK;
ALTER TABLE MARKET_DATA DISABLE CONSTRAINT FK_MARKET_DATA_BANK;

-- =====================================================
-- Insert data into BANKS table
-- =====================================================

-- Clear existing data
DELETE FROM MARKET_DATA;
DELETE FROM FINANCIAL_PERFORMANCE;
DELETE FROM BANKS;
COMMIT;

-- Insert BANKS data
INSERT INTO BANKS (BANK_ID, BANK_NAME, BANK_CODE, ESTABLISHED_DATE, HEADQUARTERS) VALUES (1, 'Mashreq', 'MSQ', TO_DATE('1967-09-26', 'YYYY-MM-DD'), 'Dubai');
INSERT INTO BANKS (BANK_ID, BANK_NAME, BANK_CODE, ESTABLISHED_DATE, HEADQUARTERS) VALUES (2, 'ADCB', 'ADCB', TO_DATE('1985-05-02', 'YYYY-MM-DD'), 'Abu Dhabi');
INSERT INTO BANKS (BANK_ID, BANK_NAME, BANK_CODE, ESTABLISHED_DATE, HEADQUARTERS) VALUES (3, 'DIB', 'DIB', TO_DATE('1975-03-12', 'YYYY-MM-DD'), 'Dubai');
INSERT INTO BANKS (BANK_ID, BANK_NAME, BANK_CODE, ESTABLISHED_DATE, HEADQUARTERS) VALUES (4, 'ENBD', 'ENBD', TO_DATE('1963-06-19', 'YYYY-MM-DD'), 'Dubai');
INSERT INTO BANKS (BANK_ID, BANK_NAME, BANK_CODE, ESTABLISHED_DATE, HEADQUARTERS) VALUES (5, 'FAB', 'FAB', TO_DATE('1968-04-28', 'YYYY-MM-DD'), 'Abu Dhabi');
INSERT INTO BANKS (BANK_ID, BANK_NAME, BANK_CODE, ESTABLISHED_DATE, HEADQUARTERS) VALUES (6, 'CBD', 'CBD', TO_DATE('1969-01-01', 'YYYY-MM-DD'), 'Sharjah');

COMMIT;

-- =====================================================
-- Insert data into FINANCIAL_PERFORMANCE table
-- =====================================================

INSERT INTO FINANCIAL_PERFORMANCE (PERFORMANCE_ID, YEAR, QUARTER, BANK_ID, YTD_INCOME, YTD_PROFIT, QUARTERLY_PROFIT, LOANS_ADVANCES, NIM, DEPOSITS, CASA, COST_INCOME, NPL_RATIO, COR, STAGE3_COVER, ROTE) VALUES (1, 2020, 1, 1, 1850.5, 465.2, 465.2, 95420.8, 3.2, 105680.4, 45230.6, 48.5, 3.8, 1.45, 65.2, 8.9);
INSERT INTO FINANCIAL_PERFORMANCE (PERFORMANCE_ID, YEAR, QUARTER, BANK_ID, YTD_INCOME, YTD_PROFIT, QUARTERLY_PROFIT, LOANS_ADVANCES, NIM, DEPOSITS, CASA, COST_INCOME, NPL_RATIO, COR, STAGE3_COVER, ROTE) VALUES (2, 2020, 2, 1, 3720.8, 890.6, 425.4, 96850.2, 3.1, 108920.5, 46780.2, 49.2, 4.1, 1.52, 64.8, 8.5);
INSERT INTO FINANCIAL_PERFORMANCE (PERFORMANCE_ID, YEAR, QUARTER, BANK_ID, YTD_INCOME, YTD_PROFIT, QUARTERLY_PROFIT, LOANS_ADVANCES, NIM, DEPOSITS, CASA, COST_INCOME, NPL_RATIO, COR, STAGE3_COVER, ROTE) VALUES (3, 2020, 3, 1, 5580.2, 1298.4, 407.8, 98120.6, 3.0, 112450.8, 48320.5, 50.1, 4.5, 1.68, 63.5, 7.8);
INSERT INTO FINANCIAL_PERFORMANCE (PERFORMANCE_ID, YEAR, QUARTER, BANK_ID, YTD_INCOME, YTD_PROFIT, QUARTERLY_PROFIT, LOANS_ADVANCES, NIM, DEPOSITS, CASA, COST_INCOME, NPL_RATIO, COR, STAGE3_COVER, ROTE) VALUES (4, 2020, 4, 1, 7420.6, 1685.2, 386.8, 99680.4, 2.9, 115820.2, 49850.8, 51.2, 4.8, 1.75, 62.8, 7.2);
INSERT INTO FINANCIAL_PERFORMANCE (PERFORMANCE_ID, YEAR, QUARTER, BANK_ID, YTD_INCOME, YTD_PROFIT, QUARTERLY_PROFIT, LOANS_ADVANCES, NIM, DEPOSITS, CASA, COST_INCOME, NPL_RATIO, COR, STAGE3_COVER, ROTE) VALUES (5, 2021, 1, 1, 1920.4, 520.6, 520.6, 102580.6, 3.1, 118650.4, 51240.2, 50.8, 4.2, 1.38, 66.5, 8.8);
INSERT INTO FINANCIAL_PERFORMANCE (PERFORMANCE_ID, YEAR, QUARTER, BANK_ID, YTD_INCOME, YTD_PROFIT, QUARTERLY_PROFIT, LOANS_ADVANCES, NIM, DEPOSITS, CASA, COST_INCOME, NPL_RATIO, COR, STAGE3_COVER, ROTE) VALUES (6, 2021, 2, 1, 3890.2, 1068.4, 547.8, 105240.8, 3.2, 122880.6, 53650.4, 49.5, 3.9, 1.25, 67.2, 9.2);
INSERT INTO FINANCIAL_PERFORMANCE (PERFORMANCE_ID, YEAR, QUARTER, BANK_ID, YTD_INCOME, YTD_PROFIT, QUARTERLY_PROFIT, LOANS_ADVANCES, NIM, DEPOSITS, CASA, COST_INCOME, NPL_RATIO, COR, STAGE3_COVER, ROTE) VALUES (7, 2021, 3, 1, 5850.6, 1632.5, 564.1, 108650.2, 3.3, 127450.8, 56120.6, 48.2, 3.6, 1.15, 68.8, 9.8);
INSERT INTO FINANCIAL_PERFORMANCE (PERFORMANCE_ID, YEAR, QUARTER, BANK_ID, YTD_INCOME, YTD_PROFIT, QUARTERLY_PROFIT, LOANS_ADVANCES, NIM, DEPOSITS, CASA, COST_INCOME, NPL_RATIO, COR, STAGE3_COVER, ROTE) VALUES (8, 2021, 4, 1, 7780.8, 2185.6, 553.1, 112450.6, 3.4, 132680.4, 58850.2, 47.5, 3.2, 1.08, 70.5, 10.5);
INSERT INTO FINANCIAL_PERFORMANCE (PERFORMANCE_ID, YEAR, QUARTER, BANK_ID, YTD_INCOME, YTD_PROFIT, QUARTERLY_PROFIT, LOANS_ADVANCES, NIM, DEPOSITS, CASA, COST_INCOME, NPL_RATIO, COR, STAGE3_COVER, ROTE) VALUES (9, 2022, 1, 1, 2150.8, 642.5, 642.5, 116850.4, 3.6, 138450.6, 62340.8, 46.8, 2.9, 0.95, 72.8, 11.2);
INSERT INTO FINANCIAL_PERFORMANCE (PERFORMANCE_ID, YEAR, QUARTER, BANK_ID, YTD_INCOME, YTD_PROFIT, QUARTERLY_PROFIT, LOANS_ADVANCES, NIM, DEPOSITS, CASA, COST_INCOME, NPL_RATIO, COR, STAGE3_COVER, ROTE) VALUES (10, 2022, 2, 1, 4380.6, 1324.8, 682.3, 121680.2, 3.8, 145680.4, 65850.2, 45.2, 2.6, 0.82, 75.2, 12.1);
INSERT INTO FINANCIAL_PERFORMANCE (PERFORMANCE_ID, YEAR, QUARTER, BANK_ID, YTD_INCOME, YTD_PROFIT, QUARTERLY_PROFIT, LOANS_ADVANCES, NIM, DEPOSITS, CASA, COST_INCOME, NPL_RATIO, COR, STAGE3_COVER, ROTE) VALUES (11, 2022, 3, 1, 6620.4, 2058.6, 733.8, 127450.8, 4.0, 152840.2, 69450.6, 44.5, 2.3, 0.75, 78.5, 13.5);
INSERT INTO FINANCIAL_PERFORMANCE (PERFORMANCE_ID, YEAR, QUARTER, BANK_ID, YTD_INCOME, YTD_PROFIT, QUARTERLY_PROFIT, LOANS_ADVANCES, NIM, DEPOSITS, CASA, COST_INCOME, NPL_RATIO, COR, STAGE3_COVER, ROTE) VALUES (12, 2022, 4, 1, 8850.2, 2798.4, 739.8, 134680.6, 4.1, 161450.8, 73680.4, 43.8, 2.1, 0.68, 81.2, 14.8);
INSERT INTO FINANCIAL_PERFORMANCE (PERFORMANCE_ID, YEAR, QUARTER, BANK_ID, YTD_INCOME, YTD_PROFIT, QUARTERLY_PROFIT, LOANS_ADVANCES, NIM, DEPOSITS, CASA, COST_INCOME, NPL_RATIO, COR, STAGE3_COVER, ROTE) VALUES (13, 2023, 1, 1, 2850.6, 1124.8, 1124.8, 142380.4, 4.3, 168750.2, 78450.6, 42.5, 1.9, 0.58, 84.5, 16.8);
INSERT INTO FINANCIAL_PERFORMANCE (PERFORMANCE_ID, YEAR, QUARTER, BANK_ID, YTD_INCOME, YTD_PROFIT, QUARTERLY_PROFIT, LOANS_ADVANCES, NIM, DEPOSITS, CASA, COST_INCOME, NPL_RATIO, COR, STAGE3_COVER, ROTE) VALUES (14, 2023, 2, 1, 5780.4, 2385.6, 1260.8, 149680.2, 4.5, 176850.4, 82680.2, 41.2, 1.7, 0.52, 87.2, 18.5);
INSERT INTO FINANCIAL_PERFORMANCE (PERFORMANCE_ID, YEAR, QUARTER, BANK_ID, YTD_INCOME, YTD_PROFIT, QUARTERLY_PROFIT, LOANS_ADVANCES, NIM, DEPOSITS, CASA, COST_INCOME, NPL_RATIO, COR, STAGE3_COVER, ROTE) VALUES (15, 2023, 3, 1, 8650.2, 3785.4, 1399.8, 157450.8, 4.6, 185620.6, 87250.4, 40.8, 1.5, 0.48, 89.8, 20.2);
INSERT INTO FINANCIAL_PERFORMANCE (PERFORMANCE_ID, YEAR, QUARTER, BANK_ID, YTD_INCOME, YTD_PROFIT, QUARTERLY_PROFIT, LOANS_ADVANCES, NIM, DEPOSITS, CASA, COST_INCOME, NPL_RATIO, COR, STAGE3_COVER, ROTE) VALUES (16, 2023, 4, 1, 11580.6, 5680.4, 1895.0, 166850.4, 4.7, 195450.8, 92680.6, 39.5, 1.3, 0.42, 92.5, 22.8);
INSERT INTO FINANCIAL_PERFORMANCE (PERFORMANCE_ID, YEAR, QUARTER, BANK_ID, YTD_INCOME, YTD_PROFIT, QUARTERLY_PROFIT, LOANS_ADVANCES, NIM, DEPOSITS, CASA, COST_INCOME, NPL_RATIO, COR, STAGE3_COVER, ROTE) VALUES (17, 2024, 1, 1, 3150.8, 1485.6, 1485.6, 174680.2, 4.8, 203850.4, 97450.2, 38.2, 1.2, 0.38, 95.2, 24.5);
INSERT INTO FINANCIAL_PERFORMANCE (PERFORMANCE_ID, YEAR, QUARTER, BANK_ID, YTD_INCOME, YTD_PROFIT, QUARTERLY_PROFIT, LOANS_ADVANCES, NIM, DEPOSITS, CASA, COST_INCOME, NPL_RATIO, COR, STAGE3_COVER, ROTE) VALUES (18, 2024, 2, 1, 6780.4, 2485.6, 1260.8, 149680.2, 4.5, 176850.4, 82680.2, 41.2, 1.7, 0.52, 87.2, 18.5);
INSERT INTO FINANCIAL_PERFORMANCE (PERFORMANCE_ID, YEAR, QUARTER, BANK_ID, YTD_INCOME, YTD_PROFIT, QUARTERLY_PROFIT, LOANS_ADVANCES, NIM, DEPOSITS, CASA, COST_INCOME, NPL_RATIO, COR, STAGE3_COVER, ROTE) VALUES (19, 2024, 3, 1, 9680.2, 4586.2, 1600.8, 191680.4, 5.0, 222450.6, 107850.4, 37.2, 1.0, 0.32, 99.5, 27.2);
INSERT INTO FINANCIAL_PERFORMANCE (PERFORMANCE_ID, YEAR, QUARTER, BANK_ID, YTD_INCOME, YTD_PROFIT, QUARTERLY_PROFIT, LOANS_ADVANCES, NIM, DEPOSITS, CASA, COST_INCOME, NPL_RATIO, COR, STAGE3_COVER, ROTE) VALUES (20, 2024, 4, 1, 12950.6, 6285.4, 1699.2, 201450.8, 5.1, 233680.4, 114250.8, 36.8, 0.9, 0.28, 101.2, 28.5);
INSERT INTO FINANCIAL_PERFORMANCE (PERFORMANCE_ID, YEAR, QUARTER, BANK_ID, YTD_INCOME, YTD_PROFIT, QUARTERLY_PROFIT, LOANS_ADVANCES, NIM, DEPOSITS, CASA, COST_INCOME, NPL_RATIO, COR, STAGE3_COVER, ROTE) VALUES (21, 2020, 1, 2, 4250.8, 1685.4, 1685.4, 168450.6, 2.8, 185680.4, 89250.2, 35.8, 2.1, 0.85, 78.5, 12.8);
INSERT INTO FINANCIAL_PERFORMANCE (PERFORMANCE_ID, YEAR, QUARTER, BANK_ID, YTD_INCOME, YTD_PROFIT, QUARTERLY_PROFIT, LOANS_ADVANCES, NIM, DEPOSITS, CASA, COST_INCOME, NPL_RATIO, COR, STAGE3_COVER, ROTE) VALUES (22, 2020, 2, 2, 8580.2, 3285.6, 1600.2, 172680.4, 2.7, 192450.8, 92680.4, 36.2, 2.3, 0.92, 76.8, 12.2);
INSERT INTO FINANCIAL_PERFORMANCE (PERFORMANCE_ID, YEAR, QUARTER, BANK_ID, YTD_INCOME, YTD_PROFIT, QUARTERLY_PROFIT, LOANS_ADVANCES, NIM, DEPOSITS, CASA, COST_INCOME, NPL_RATIO, COR, STAGE3_COVER, ROTE) VALUES (23, 2020, 3, 2, 12850.4, 4785.2, 1499.6, 175850.2, 2.6, 198680.6, 95450.8, 36.8, 2.5, 0.98, 75.2, 11.8);
INSERT INTO FINANCIAL_PERFORMANCE (PERFORMANCE_ID, YEAR, QUARTER, BANK_ID, YTD_INCOME, YTD_PROFIT, QUARTERLY_PROFIT, LOANS_ADVANCES, NIM, DEPOSITS, CASA, COST_INCOME, NPL_RATIO, COR, STAGE3_COVER, ROTE) VALUES (24, 2020, 4, 2, 17120.6, 6185.8, 1400.6, 179450.8, 2.5, 205850.2, 98680.4, 37.5, 2.8, 1.05, 73.8, 11.2);
INSERT INTO FINANCIAL_PERFORMANCE (PERFORMANCE_ID, YEAR, QUARTER, BANK_ID, YTD_INCOME, YTD_PROFIT, QUARTERLY_PROFIT, LOANS_ADVANCES, NIM, DEPOSITS, CASA, COST_INCOME, NPL_RATIO, COR, STAGE3_COVER, ROTE) VALUES (25, 2021, 1, 2, 4680.4, 1895.6, 1895.6, 184680.2, 2.6, 212680.4, 102450.8, 36.8, 2.5, 0.95, 76.8, 12.8);
INSERT INTO FINANCIAL_PERFORMANCE (PERFORMANCE_ID, YEAR, QUARTER, BANK_ID, YTD_INCOME, YTD_PROFIT, QUARTERLY_PROFIT, LOANS_ADVANCES, NIM, DEPOSITS, CASA, COST_INCOME, NPL_RATIO, COR, STAGE3_COVER, ROTE) VALUES (26, 2021, 2, 2, 9450.8, 3885.2, 1989.6, 189850.6, 2.7, 220450.8, 106850.2, 35.2, 2.2, 0.85, 78.5, 13.5);
INSERT INTO FINANCIAL_PERFORMANCE (PERFORMANCE_ID, YEAR, QUARTER, BANK_ID, YTD_INCOME, YTD_PROFIT, QUARTERLY_PROFIT, LOANS_ADVANCES, NIM, DEPOSITS, CASA, COST_INCOME, NPL_RATIO, COR, STAGE3_COVER, ROTE) VALUES (27, 2021, 3, 2, 14250.2, 5985.4, 2100.2, 196450.4, 2.8, 229680.2, 111450.6, 34.5, 2.0, 0.78, 80.2, 14.2);
INSERT INTO FINANCIAL_PERFORMANCE (PERFORMANCE_ID, YEAR, QUARTER, BANK_ID, YTD_INCOME, YTD_PROFIT, QUARTERLY_PROFIT, LOANS_ADVANCES, NIM, DEPOSITS, CASA, COST_INCOME, NPL_RATIO, COR, STAGE3_COVER, ROTE) VALUES (28, 2021, 4, 2, 18950.6, 7985.6, 2000.2, 204850.2, 2.9, 239450.6, 116850.4, 33.8, 1.8, 0.72, 82.8, 15.2);
INSERT INTO FINANCIAL_PERFORMANCE (PERFORMANCE_ID, YEAR, QUARTER, BANK_ID, YTD_INCOME, YTD_PROFIT, QUARTERLY_PROFIT, LOANS_ADVANCES, NIM, DEPOSITS, CASA, COST_INCOME, NPL_RATIO, COR, STAGE3_COVER, ROTE) VALUES (29, 2022, 1, 2, 5250.4, 2385.8, 2385.8, 213680.4, 3.1, 248450.2, 122450.6, 32.5, 1.6, 0.65, 85.2, 16.8);
INSERT INTO FINANCIAL_PERFORMANCE (PERFORMANCE_ID, YEAR, QUARTER, BANK_ID, YTD_INCOME, YTD_PROFIT, QUARTERLY_PROFIT, LOANS_ADVANCES, NIM, DEPOSITS, CASA, COST_INCOME, NPL_RATIO, COR, STAGE3_COVER, ROTE) VALUES (30, 2022, 2, 2, 10680.2, 4885.6, 2499.8, 221450.8, 3.3, 257680.4, 128650.2, 31.8, 1.4, 0.58, 87.5, 17.5);
INSERT INTO FINANCIAL_PERFORMANCE (PERFORMANCE_ID, YEAR, QUARTER, BANK_ID, YTD_INCOME, YTD_PROFIT, QUARTERLY_PROFIT, LOANS_ADVANCES, NIM, DEPOSITS, CASA, COST_INCOME, NPL_RATIO, COR, STAGE3_COVER, ROTE) VALUES (31, 2022, 3, 2, 16250.8, 7485.2, 2599.6, 230680.2, 3.5, 267850.6, 135450.4, 31.2, 1.2, 0.52, 89.8, 18.8);
INSERT INTO FINANCIAL_PERFORMANCE (PERFORMANCE_ID, YEAR, QUARTER, BANK_ID, YTD_INCOME, YTD_PROFIT, QUARTERLY_PROFIT, LOANS_ADVANCES, NIM, DEPOSITS, CASA, COST_INCOME, NPL_RATIO, COR, STAGE3_COVER, ROTE) VALUES (32, 2022, 4, 2, 21850.4, 9985.8, 2500.6, 241450.6, 3.6, 279680.2, 142850.6, 30.5, 1.1, 0.48, 92.2, 19.8);
INSERT INTO FINANCIAL_PERFORMANCE (PERFORMANCE_ID, YEAR, QUARTER, BANK_ID, YTD_INCOME, YTD_PROFIT, QUARTERLY_PROFIT, LOANS_ADVANCES, NIM, DEPOSITS, CASA, COST_INCOME, NPL_RATIO, COR, STAGE3_COVER, ROTE) VALUES (33, 2023, 1, 2, 5850.2, 2785.4, 2785.4, 252680.4, 3.8, 291450.8, 149850.2, 29.8, 1.0, 0.42, 94.8, 21.2);
INSERT INTO FINANCIAL_PERFORMANCE (PERFORMANCE_ID, YEAR, QUARTER, BANK_ID, YTD_INCOME, YTD_PROFIT, QUARTERLY_PROFIT, LOANS_ADVANCES, NIM, DEPOSITS, CASA, COST_INCOME, NPL_RATIO, COR, STAGE3_COVER, ROTE) VALUES (34, 2023, 2, 2, 11850.6, 5685.8, 2900.4, 264850.2, 3.9, 304680.4, 157450.6, 29.2, 0.9, 0.38, 96.5, 22.5);
INSERT INTO FINANCIAL_PERFORMANCE (PERFORMANCE_ID, YEAR, QUARTER, BANK_ID, YTD_INCOME, YTD_PROFIT, QUARTERLY_PROFIT, LOANS_ADVANCES, NIM, DEPOSITS, CASA, COST_INCOME, NPL_RATIO, COR, STAGE3_COVER, ROTE) VALUES (35, 2023, 3, 2, 17950.4, 8785.6, 3099.8, 278450.6, 4.0, 319850.2, 165680.4, 28.5, 0.8, 0.35, 98.2, 24.2);
INSERT INTO FINANCIAL_PERFORMANCE (PERFORMANCE_ID, YEAR, QUARTER, BANK_ID, YTD_INCOME, YTD_PROFIT, QUARTERLY_PROFIT, LOANS_ADVANCES, NIM, DEPOSITS, CASA, COST_INCOME, NPL_RATIO, COR, STAGE3_COVER, ROTE) VALUES (36, 2023, 4, 2, 24250.8, 11985.4, 3199.8, 293680.2, 4.1, 336450.8, 174850.6, 27.8, 0.7, 0.32, 99.8, 26.5);
INSERT INTO FINANCIAL_PERFORMANCE (PERFORMANCE_ID, YEAR, QUARTER, BANK_ID, YTD_INCOME, YTD_PROFIT, QUARTERLY_PROFIT, LOANS_ADVANCES, NIM, DEPOSITS, CASA, COST_INCOME, NPL_RATIO, COR, STAGE3_COVER, ROTE) VALUES (37, 2024, 1, 2, 6450.4, 3285.2, 3285.2, 307850.4, 4.2, 351680.2, 182450.8, 27.2, 0.6, 0.28, 101.5, 28.2);
INSERT INTO FINANCIAL_PERFORMANCE (PERFORMANCE_ID, YEAR, QUARTER, BANK_ID, YTD_INCOME, YTD_PROFIT, QUARTERLY_PROFIT, LOANS_ADVANCES, NIM, DEPOSITS, CASA, COST_INCOME, NPL_RATIO, COR, STAGE3_COVER, ROTE) VALUES (38, 2024, 2, 2, 13080.8, 6785.6, 3500.4, 322680.6, 4.3, 368450.4, 191680.2, 26.8, 0.5, 0.25, 103.2, 29.8);
INSERT INTO FINANCIAL_PERFORMANCE (PERFORMANCE_ID, YEAR, QUARTER, BANK_ID, YTD_INCOME, YTD_PROFIT, QUARTERLY_PROFIT, LOANS_ADVANCES, NIM, DEPOSITS, CASA, COST_INCOME, NPL_RATIO, COR, STAGE3_COVER, ROTE) VALUES (39, 2024, 3, 2, 19850.2, 10485.8, 3700.2, 339450.8, 4.4, 386850.6, 201450.4, 26.2, 0.4, 0.22, 105.8, 31.5);
INSERT INTO FINANCIAL_PERFORMANCE (PERFORMANCE_ID, YEAR, QUARTER, BANK_ID, YTD_INCOME, YTD_PROFIT, QUARTERLY_PROFIT, LOANS_ADVANCES, NIM, DEPOSITS, CASA, COST_INCOME, NPL_RATIO, COR, STAGE3_COVER, ROTE) VALUES (40, 2024, 4, 2, 26850.4, 13785.2, 3299.4, 357680.4, 4.5, 407450.8, 212680.6, 25.8, 0.4, 0.20, 107.5, 32.8);
INSERT INTO FINANCIAL_PERFORMANCE (PERFORMANCE_ID, YEAR, QUARTER, BANK_ID, YTD_INCOME, YTD_PROFIT, QUARTERLY_PROFIT, LOANS_ADVANCES, NIM, DEPOSITS, CASA, COST_INCOME, NPL_RATIO, COR, STAGE3_COVER, ROTE) VALUES (41, 2020, 1, 3, 3450.8, 1285.4, 1285.4, 145680.2, 2.9, 162450.8, 78450.2, 38.5, 2.8, 1.25, 68.5, 11.2);
INSERT INTO FINANCIAL_PERFORMANCE (PERFORMANCE_ID, YEAR, QUARTER, BANK_ID, YTD_INCOME, YTD_PROFIT, QUARTERLY_PROFIT, LOANS_ADVANCES, NIM, DEPOSITS, CASA, COST_INCOME, NPL_RATIO, COR, STAGE3_COVER, ROTE) VALUES (42, 2020, 2, 3, 6950.2, 2485.6, 1200.2, 148850.6, 2.8, 167680.4, 81250.6, 39.2, 3.1, 1.38, 66.8, 10.8);
INSERT INTO FINANCIAL_PERFORMANCE (PERFORMANCE_ID, YEAR, QUARTER, BANK_ID, YTD_INCOME, YTD_PROFIT, QUARTERLY_PROFIT, LOANS_ADVANCES, NIM, DEPOSITS, CASA, COST_INCOME, NPL_RATIO, COR, STAGE3_COVER, ROTE) VALUES (43, 2020, 3, 3, 10380.4, 3585.8, 1100.2, 152680.4, 2.7, 173450.2, 84680.4, 40.1, 3.4, 1.52, 64.2, 10.2);
INSERT INTO FINANCIAL_PERFORMANCE (PERFORMANCE_ID, YEAR, QUARTER, BANK_ID, YTD_INCOME, YTD_PROFIT, QUARTERLY_PROFIT, LOANS_ADVANCES, NIM, DEPOSITS, CASA, COST_INCOME, NPL_RATIO, COR, STAGE3_COVER, ROTE) VALUES (44, 2020, 4, 3, 13850.2, 4585.2, 999.4, 157450.8, 2.6, 180680.6, 88450.2, 41.2, 3.8, 1.68, 61.8, 9.5);
INSERT INTO FINANCIAL_PERFORMANCE (PERFORMANCE_ID, YEAR, QUARTER, BANK_ID, YTD_INCOME, YTD_PROFIT, QUARTERLY_PROFIT, LOANS_ADVANCES, NIM, DEPOSITS, CASA, COST_INCOME, NPL_RATIO, COR, STAGE3_COVER, ROTE) VALUES (45, 2021, 1, 3, 3750.6, 1485.2, 1485.2, 162680.4, 2.7, 186450.8, 92680.4, 40.8, 3.5, 1.45, 64.8, 10.2);
INSERT INTO FINANCIAL_PERFORMANCE (PERFORMANCE_ID, YEAR, QUARTER, BANK_ID, YTD_INCOME, YTD_PROFIT, QUARTERLY_PROFIT, LOANS_ADVANCES, NIM, DEPOSITS, CASA, COST_INCOME, NPL_RATIO, COR, STAGE3_COVER, ROTE) VALUES (46, 2021, 2, 3, 7650.4, 2985.6, 1500.4, 167450.2, 2.8, 193680.2, 96450.8, 39.5, 3.2, 1.32, 67.2, 10.8);
INSERT INTO FINANCIAL_PERFORMANCE (PERFORMANCE_ID, YEAR, QUARTER, BANK_ID, YTD_INCOME, YTD_PROFIT, QUARTERLY_PROFIT, LOANS_ADVANCES, NIM, DEPOSITS, CASA, COST_INCOME, NPL_RATIO, COR, STAGE3_COVER, ROTE) VALUES (47, 2021, 3, 3, 11580.2, 4585.8, 1600.2, 173850.6, 2.9, 201450.4, 101250.2, 38.2, 2.9, 1.18, 70.5, 11.8);
INSERT INTO FINANCIAL_PERFORMANCE (PERFORMANCE_ID, YEAR, QUARTER, BANK_ID, YTD_INCOME, YTD_PROFIT, QUARTERLY_PROFIT, LOANS_ADVANCES, NIM, DEPOSITS, CASA, COST_INCOME, NPL_RATIO, COR, STAGE3_COVER, ROTE) VALUES (48, 2021, 4, 3, 15450.8, 6285.4, 1699.6, 181450.8, 3.0, 210680.6, 106850.4, 37.5, 2.6, 1.05, 74.2, 12.8);
INSERT INTO FINANCIAL_PERFORMANCE (PERFORMANCE_ID, YEAR, QUARTER, BANK_ID, YTD_INCOME, YTD_PROFIT, QUARTERLY_PROFIT, LOANS_ADVANCES, NIM, DEPOSITS, CASA, COST_INCOME, NPL_RATIO, COR, STAGE3_COVER, ROTE) VALUES (49, 2022, 1, 3, 4150.2, 1785.6, 1785.6, 189680.4, 3.2, 219450.8, 112680.2, 36.8, 2.3, 0.92, 77.8, 14.2);
INSERT INTO FINANCIAL_PERFORMANCE (PERFORMANCE_ID, YEAR, QUARTER, BANK_ID, YTD_INCOME, YTD_PROFIT, QUARTERLY_PROFIT, LOANS_ADVANCES, NIM, DEPOSITS, CASA, COST_INCOME, NPL_RATIO, COR, STAGE3_COVER, ROTE) VALUES (50, 2022, 2, 3, 8450.6, 3685.2, 1899.6, 198450.2, 3.4, 229680.4, 119450.6, 35.2, 2.0, 0.78, 81.5, 15.8);

-- Commit batch
COMMIT;

INSERT INTO FINANCIAL_PERFORMANCE (PERFORMANCE_ID, YEAR, QUARTER, BANK_ID, YTD_INCOME, YTD_PROFIT, QUARTERLY_PROFIT, LOANS_ADVANCES, NIM, DEPOSITS, CASA, COST_INCOME, NPL_RATIO, COR, STAGE3_COVER, ROTE) VALUES (51, 2022, 3, 3, 12850.4, 5685.8, 2000.6, 208680.6, 3.6, 241450.2, 127680.4, 34.5, 1.8, 0.65, 85.2, 17.2);
INSERT INTO FINANCIAL_PERFORMANCE (PERFORMANCE_ID, YEAR, QUARTER, BANK_ID, YTD_INCOME, YTD_PROFIT, QUARTERLY_PROFIT, LOANS_ADVANCES, NIM, DEPOSITS, CASA, COST_INCOME, NPL_RATIO, COR, STAGE3_COVER, ROTE) VALUES (52, 2022, 4, 3, 17250.8, 7785.4, 2099.6, 219450.8, 3.7, 254680.6, 136850.2, 33.8, 1.6, 0.58, 88.5, 18.8);
INSERT INTO FINANCIAL_PERFORMANCE (PERFORMANCE_ID, YEAR, QUARTER, BANK_ID, YTD_INCOME, YTD_PROFIT, QUARTERLY_PROFIT, LOANS_ADVANCES, NIM, DEPOSITS, CASA, COST_INCOME, NPL_RATIO, COR, STAGE3_COVER, ROTE) VALUES (53, 2023, 1, 3, 4650.8, 2185.4, 2185.4, 231680.4, 3.9, 267450.8, 145680.2, 32.5, 1.4, 0.48, 91.8, 20.5);
INSERT INTO FINANCIAL_PERFORMANCE (PERFORMANCE_ID, YEAR, QUARTER, BANK_ID, YTD_INCOME, YTD_PROFIT, QUARTERLY_PROFIT, LOANS_ADVANCES, NIM, DEPOSITS, CASA, COST_INCOME, NPL_RATIO, COR, STAGE3_COVER, ROTE) VALUES (54, 2023, 2, 3, 9450.2, 4485.6, 2300.2, 244850.2, 4.0, 281680.4, 154250.6, 31.8, 1.2, 0.42, 94.2, 22.2);
INSERT INTO FINANCIAL_PERFORMANCE (PERFORMANCE_ID, YEAR, QUARTER, BANK_ID, YTD_INCOME, YTD_PROFIT, QUARTERLY_PROFIT, LOANS_ADVANCES, NIM, DEPOSITS, CASA, COST_INCOME, NPL_RATIO, COR, STAGE3_COVER, ROTE) VALUES (55, 2023, 3, 3, 14350.6, 6985.8, 2500.2, 259450.8, 4.1, 297850.2, 164680.4, 30.2, 1.0, 0.38, 96.8, 24.8);
INSERT INTO FINANCIAL_PERFORMANCE (PERFORMANCE_ID, YEAR, QUARTER, BANK_ID, YTD_INCOME, YTD_PROFIT, QUARTERLY_PROFIT, LOANS_ADVANCES, NIM, DEPOSITS, CASA, COST_INCOME, NPL_RATIO, COR, STAGE3_COVER, ROTE) VALUES (56, 2023, 4, 3, 19450.4, 9685.2, 2699.4, 275680.4, 4.2, 315450.6, 175850.2, 29.5, 0.9, 0.35, 98.5, 26.8);
INSERT INTO FINANCIAL_PERFORMANCE (PERFORMANCE_ID, YEAR, QUARTER, BANK_ID, YTD_INCOME, YTD_PROFIT, QUARTERLY_PROFIT, LOANS_ADVANCES, NIM, DEPOSITS, CASA, COST_INCOME, NPL_RATIO, COR, STAGE3_COVER, ROTE) VALUES (57, 2024, 1, 3, 5150.6, 2585.8, 2585.8, 289450.2, 4.3, 331680.4, 184850.6, 28.8, 0.8, 0.32, 99.8, 28.5);
INSERT INTO FINANCIAL_PERFORMANCE (PERFORMANCE_ID, YEAR, QUARTER, BANK_ID, YTD_INCOME, YTD_PROFIT, QUARTERLY_PROFIT, LOANS_ADVANCES, NIM, DEPOSITS, CASA, COST_INCOME, NPL_RATIO, COR, STAGE3_COVER, ROTE) VALUES (58, 2024, 2, 3, 10480.4, 5285.6, 2699.8, 304680.8, 4.4, 349450.2, 195680.4, 28.2, 0.7, 0.28, 101.2, 30.2);
INSERT INTO FINANCIAL_PERFORMANCE (PERFORMANCE_ID, YEAR, QUARTER, BANK_ID, YTD_INCOME, YTD_PROFIT, QUARTERLY_PROFIT, LOANS_ADVANCES, NIM, DEPOSITS, CASA, COST_INCOME, NPL_RATIO, COR, STAGE3_COVER, ROTE) VALUES (59, 2024, 3, 3, 15950.2, 8185.4, 2899.8, 321450.6, 4.5, 368680.2, 207850.4, 27.5, 0.6, 0.25, 102.8, 32.8);
INSERT INTO FINANCIAL_PERFORMANCE (PERFORMANCE_ID, YEAR, QUARTER, BANK_ID, YTD_INCOME, YTD_PROFIT, QUARTERLY_PROFIT, LOANS_ADVANCES, NIM, DEPOSITS, CASA, COST_INCOME, NPL_RATIO, COR, STAGE3_COVER, ROTE) VALUES (60, 2024, 4, 3, 21650.8, 11385.2, 3199.8, 340680.4, 4.6, 389450.8, 221680.2, 26.8, 0.5, 0.22, 104.5, 34.5);
INSERT INTO FINANCIAL_PERFORMANCE (PERFORMANCE_ID, YEAR, QUARTER, BANK_ID, YTD_INCOME, YTD_PROFIT, QUARTERLY_PROFIT, LOANS_ADVANCES, NIM, DEPOSITS, CASA, COST_INCOME, NPL_RATIO, COR, STAGE3_COVER, ROTE) VALUES (61, 2020, 1, 4, 6850.4, 2985.6, 2985.6, 268450.2, 3.1, 295680.4, 142850.6, 42.5, 3.2, 1.85, 58.5, 10.8);
INSERT INTO FINANCIAL_PERFORMANCE (PERFORMANCE_ID, YEAR, QUARTER, BANK_ID, YTD_INCOME, YTD_PROFIT, QUARTERLY_PROFIT, LOANS_ADVANCES, NIM, DEPOSITS, CASA, COST_INCOME, NPL_RATIO, COR, STAGE3_COVER, ROTE) VALUES (62, 2020, 2, 4, 13850.2, 5785.4, 2799.8, 274680.8, 3.0, 304850.6, 147680.2, 43.2, 3.5, 1.92, 56.8, 10.2);
INSERT INTO FINANCIAL_PERFORMANCE (PERFORMANCE_ID, YEAR, QUARTER, BANK_ID, YTD_INCOME, YTD_PROFIT, QUARTERLY_PROFIT, LOANS_ADVANCES, NIM, DEPOSITS, CASA, COST_INCOME, NPL_RATIO, COR, STAGE3_COVER, ROTE) VALUES (63, 2020, 3, 4, 20650.8, 8485.2, 2699.8, 281850.4, 2.9, 315450.8, 152680.4, 44.1, 3.8, 2.05, 54.2, 9.5);
INSERT INTO FINANCIAL_PERFORMANCE (PERFORMANCE_ID, YEAR, QUARTER, BANK_ID, YTD_INCOME, YTD_PROFIT, QUARTERLY_PROFIT, LOANS_ADVANCES, NIM, DEPOSITS, CASA, COST_INCOME, NPL_RATIO, COR, STAGE3_COVER, ROTE) VALUES (64, 2020, 4, 4, 27450.6, 10985.8, 2500.6, 289680.2, 2.8, 327850.4, 158450.2, 45.2, 4.2, 2.18, 51.8, 8.8);
INSERT INTO FINANCIAL_PERFORMANCE (PERFORMANCE_ID, YEAR, QUARTER, BANK_ID, YTD_INCOME, YTD_PROFIT, QUARTERLY_PROFIT, LOANS_ADVANCES, NIM, DEPOSITS, CASA, COST_INCOME, NPL_RATIO, COR, STAGE3_COVER, ROTE) VALUES (65, 2021, 1, 4, 7450.2, 3485.6, 3485.6, 298450.8, 2.9, 338680.2, 165450.8, 44.8, 3.9, 1.95, 54.8, 9.8);
INSERT INTO FINANCIAL_PERFORMANCE (PERFORMANCE_ID, YEAR, QUARTER, BANK_ID, YTD_INCOME, YTD_PROFIT, QUARTERLY_PROFIT, LOANS_ADVANCES, NIM, DEPOSITS, CASA, COST_INCOME, NPL_RATIO, COR, STAGE3_COVER, ROTE) VALUES (66, 2021, 2, 4, 15180.4, 7085.2, 3599.6, 307680.4, 3.0, 351450.6, 172680.4, 43.5, 3.6, 1.82, 57.5, 10.8);
INSERT INTO FINANCIAL_PERFORMANCE (PERFORMANCE_ID, YEAR, QUARTER, BANK_ID, YTD_INCOME, YTD_PROFIT, QUARTERLY_PROFIT, LOANS_ADVANCES, NIM, DEPOSITS, CASA, COST_INCOME, NPL_RATIO, COR, STAGE3_COVER, ROTE) VALUES (67, 2021, 3, 4, 23050.6, 10885.8, 3800.6, 318450.2, 3.1, 365680.8, 180850.4, 42.2, 3.3, 1.68, 60.8, 11.8);
INSERT INTO FINANCIAL_PERFORMANCE (PERFORMANCE_ID, YEAR, QUARTER, BANK_ID, YTD_INCOME, YTD_PROFIT, QUARTERLY_PROFIT, LOANS_ADVANCES, NIM, DEPOSITS, CASA, COST_INCOME, NPL_RATIO, COR, STAGE3_COVER, ROTE) VALUES (68, 2021, 4, 4, 30850.2, 14685.4, 3799.6, 330680.6, 3.2, 381450.2, 189680.2, 41.5, 3.0, 1.55, 64.2, 12.8);
INSERT INTO FINANCIAL_PERFORMANCE (PERFORMANCE_ID, YEAR, QUARTER, BANK_ID, YTD_INCOME, YTD_PROFIT, QUARTERLY_PROFIT, LOANS_ADVANCES, NIM, DEPOSITS, CASA, COST_INCOME, NPL_RATIO, COR, STAGE3_COVER, ROTE) VALUES (69, 2022, 1, 4, 8250.4, 4185.8, 4185.8, 344850.2, 3.4, 398680.4, 198450.2, 40.2, 2.7, 1.42, 67.8, 14.2);
INSERT INTO FINANCIAL_PERFORMANCE (PERFORMANCE_ID, YEAR, QUARTER, BANK_ID, YTD_INCOME, YTD_PROFIT, QUARTERLY_PROFIT, LOANS_ADVANCES, NIM, DEPOSITS, CASA, COST_INCOME, NPL_RATIO, COR, STAGE3_COVER, ROTE) VALUES (70, 2022, 2, 4, 16850.6, 8585.2, 4399.4, 360450.8, 3.6, 417850.2, 208680.4, 39.5, 2.4, 1.28, 71.5, 15.8);
INSERT INTO FINANCIAL_PERFORMANCE (PERFORMANCE_ID, YEAR, QUARTER, BANK_ID, YTD_INCOME, YTD_PROFIT, QUARTERLY_PROFIT, LOANS_ADVANCES, NIM, DEPOSITS, CASA, COST_INCOME, NPL_RATIO, COR, STAGE3_COVER, ROTE) VALUES (71, 2022, 3, 4, 25650.4, 13285.6, 4700.4, 378680.4, 3.8, 439450.6, 219850.2, 38.8, 2.1, 1.15, 75.8, 17.5);
INSERT INTO FINANCIAL_PERFORMANCE (PERFORMANCE_ID, YEAR, QUARTER, BANK_ID, YTD_INCOME, YTD_PROFIT, QUARTERLY_PROFIT, LOANS_ADVANCES, NIM, DEPOSITS, CASA, COST_INCOME, NPL_RATIO, COR, STAGE3_COVER, ROTE) VALUES (72, 2022, 4, 4, 34850.2, 17985.8, 4700.2, 398450.2, 3.9, 463680.8, 232450.4, 38.2, 1.9, 1.02, 79.5, 19.2);
INSERT INTO FINANCIAL_PERFORMANCE (PERFORMANCE_ID, YEAR, QUARTER, BANK_ID, YTD_INCOME, YTD_PROFIT, QUARTERLY_PROFIT, LOANS_ADVANCES, NIM, DEPOSITS, CASA, COST_INCOME, NPL_RATIO, COR, STAGE3_COVER, ROTE) VALUES (73, 2023, 1, 4, 9150.6, 5285.4, 5285.4, 419680.2, 4.1, 486450.8, 246850.2, 37.2, 1.7, 0.88, 82.8, 21.5);
INSERT INTO FINANCIAL_PERFORMANCE (PERFORMANCE_ID, YEAR, QUARTER, BANK_ID, YTD_INCOME, YTD_PROFIT, QUARTERLY_PROFIT, LOANS_ADVANCES, NIM, DEPOSITS, CASA, COST_INCOME, NPL_RATIO, COR, STAGE3_COVER, ROTE) VALUES (74, 2023, 2, 4, 18650.4, 10885.6, 5600.2, 442850.4, 4.2, 512680.2, 260450.4, 36.5, 1.5, 0.75, 85.5, 23.8);
INSERT INTO FINANCIAL_PERFORMANCE (PERFORMANCE_ID, YEAR, QUARTER, BANK_ID, YTD_INCOME, YTD_PROFIT, QUARTERLY_PROFIT, LOANS_ADVANCES, NIM, DEPOSITS, CASA, COST_INCOME, NPL_RATIO, COR, STAGE3_COVER, ROTE) VALUES (75, 2023, 3, 4, 28450.2, 16785.8, 5900.2, 468450.8, 4.3, 541850.4, 275680.2, 35.8, 1.3, 0.68, 88.2, 26.2);
INSERT INTO FINANCIAL_PERFORMANCE (PERFORMANCE_ID, YEAR, QUARTER, BANK_ID, YTD_INCOME, YTD_PROFIT, QUARTERLY_PROFIT, LOANS_ADVANCES, NIM, DEPOSITS, CASA, COST_INCOME, NPL_RATIO, COR, STAGE3_COVER, ROTE) VALUES (76, 2023, 4, 4, 38250.6, 21985.4, 5199.6, 496850.2, 4.4, 573680.4, 292450.6, 35.2, 1.2, 0.62, 90.8, 28.5);
INSERT INTO FINANCIAL_PERFORMANCE (PERFORMANCE_ID, YEAR, QUARTER, BANK_ID, YTD_INCOME, YTD_PROFIT, QUARTERLY_PROFIT, LOANS_ADVANCES, NIM, DEPOSITS, CASA, COST_INCOME, NPL_RATIO, COR, STAGE3_COVER, ROTE) VALUES (77, 2024, 1, 4, 10450.8, 6485.2, 6485.2, 521680.4, 4.5, 602450.8, 308680.2, 34.5, 1.1, 0.58, 92.5, 30.8);
INSERT INTO FINANCIAL_PERFORMANCE (PERFORMANCE_ID, YEAR, QUARTER, BANK_ID, YTD_INCOME, YTD_PROFIT, QUARTERLY_PROFIT, LOANS_ADVANCES, NIM, DEPOSITS, CASA, COST_INCOME, NPL_RATIO, COR, STAGE3_COVER, ROTE) VALUES (78, 2024, 2, 4, 21250.4, 13485.6, 7000.4, 548450.2, 4.6, 634680.4, 325850.2, 33.8, 1.0, 0.52, 94.8, 32.5);
INSERT INTO FINANCIAL_PERFORMANCE (PERFORMANCE_ID, YEAR, QUARTER, BANK_ID, YTD_INCOME, YTD_PROFIT, QUARTERLY_PROFIT, LOANS_ADVANCES, NIM, DEPOSITS, CASA, COST_INCOME, NPL_RATIO, COR, STAGE3_COVER, ROTE) VALUES (79, 2024, 3, 4, 32850.2, 20785.8, 7300.2, 578680.6, 4.7, 669450.2, 344680.4, 33.2, 0.9, 0.48, 96.5, 34.8);
INSERT INTO FINANCIAL_PERFORMANCE (PERFORMANCE_ID, YEAR, QUARTER, BANK_ID, YTD_INCOME, YTD_PROFIT, QUARTERLY_PROFIT, LOANS_ADVANCES, NIM, DEPOSITS, CASA, COST_INCOME, NPL_RATIO, COR, STAGE3_COVER, ROTE) VALUES (80, 2024, 4, 4, 44650.8, 28285.4, 7499.6, 612450.8, 4.8, 707680.2, 365450.8, 32.5, 0.8, 0.45, 98.2, 36.5);
INSERT INTO FINANCIAL_PERFORMANCE (PERFORMANCE_ID, YEAR, QUARTER, BANK_ID, YTD_INCOME, YTD_PROFIT, QUARTERLY_PROFIT, LOANS_ADVANCES, NIM, DEPOSITS, CASA, COST_INCOME, NPL_RATIO, COR, STAGE3_COVER, ROTE) VALUES (81, 2020, 1, 5, 8950.4, 4285.6, 4285.6, 425680.2, 2.7, 468450.8, 234850.2, 38.5, 2.5, 1.25, 72.8, 12.5);
INSERT INTO FINANCIAL_PERFORMANCE (PERFORMANCE_ID, YEAR, QUARTER, BANK_ID, YTD_INCOME, YTD_PROFIT, QUARTERLY_PROFIT, LOANS_ADVANCES, NIM, DEPOSITS, CASA, COST_INCOME, NPL_RATIO, COR, STAGE3_COVER, ROTE) VALUES (82, 2020, 2, 5, 18150.8, 8285.4, 3999.8, 431850.6, 2.6, 478680.2, 242450.6, 39.2, 2.7, 1.32, 70.5, 12.0);
INSERT INTO FINANCIAL_PERFORMANCE (PERFORMANCE_ID, YEAR, QUARTER, BANK_ID, YTD_INCOME, YTD_PROFIT, QUARTERLY_PROFIT, LOANS_ADVANCES, NIM, DEPOSITS, CASA, COST_INCOME, NPL_RATIO, COR, STAGE3_COVER, ROTE) VALUES (83, 2020, 3, 5, 27050.2, 12085.2, 3799.8, 438680.4, 2.5, 489850.4, 250680.2, 40.1, 2.9, 1.38, 68.2, 11.5);
INSERT INTO FINANCIAL_PERFORMANCE (PERFORMANCE_ID, YEAR, QUARTER, BANK_ID, YTD_INCOME, YTD_PROFIT, QUARTERLY_PROFIT, LOANS_ADVANCES, NIM, DEPOSITS, CASA, COST_INCOME, NPL_RATIO, COR, STAGE3_COVER, ROTE) VALUES (84, 2020, 4, 5, 35850.6, 15785.8, 3700.6, 446450.8, 2.4, 502680.6, 259450.4, 40.8, 3.2, 1.45, 65.8, 10.8);
INSERT INTO FINANCIAL_PERFORMANCE (PERFORMANCE_ID, YEAR, QUARTER, BANK_ID, YTD_INCOME, YTD_PROFIT, QUARTERLY_PROFIT, LOANS_ADVANCES, NIM, DEPOSITS, CASA, COST_INCOME, NPL_RATIO, COR, STAGE3_COVER, ROTE) VALUES (85, 2021, 1, 5, 9450.2, 4785.6, 4785.6, 455680.4, 2.5, 514850.2, 268450.6, 40.2, 3.0, 1.32, 68.5, 11.8);
INSERT INTO FINANCIAL_PERFORMANCE (PERFORMANCE_ID, YEAR, QUARTER, BANK_ID, YTD_INCOME, YTD_PROFIT, QUARTERLY_PROFIT, LOANS_ADVANCES, NIM, DEPOSITS, CASA, COST_INCOME, NPL_RATIO, COR, STAGE3_COVER, ROTE) VALUES (86, 2021, 2, 5, 19250.4, 9685.2, 4899.6, 467850.8, 2.6, 528450.4, 278680.2, 39.5, 2.8, 1.25, 71.2, 12.5);
INSERT INTO FINANCIAL_PERFORMANCE (PERFORMANCE_ID, YEAR, QUARTER, BANK_ID, YTD_INCOME, YTD_PROFIT, QUARTERLY_PROFIT, LOANS_ADVANCES, NIM, DEPOSITS, CASA, COST_INCOME, NPL_RATIO, COR, STAGE3_COVER, ROTE) VALUES (87, 2021, 3, 5, 29150.6, 14785.8, 5100.6, 481450.2, 2.7, 543680.8, 289850.4, 38.8, 2.6, 1.18, 74.5, 13.5);
INSERT INTO FINANCIAL_PERFORMANCE (PERFORMANCE_ID, YEAR, QUARTER, BANK_ID, YTD_INCOME, YTD_PROFIT, QUARTERLY_PROFIT, LOANS_ADVANCES, NIM, DEPOSITS, CASA, COST_INCOME, NPL_RATIO, COR, STAGE3_COVER, ROTE) VALUES (88, 2021, 4, 5, 38950.8, 19885.4, 5099.6, 496850.6, 2.8, 560450.2, 302450.8, 38.2, 2.4, 1.12, 77.8, 14.8);
INSERT INTO FINANCIAL_PERFORMANCE (PERFORMANCE_ID, YEAR, QUARTER, BANK_ID, YTD_INCOME, YTD_PROFIT, QUARTERLY_PROFIT, LOANS_ADVANCES, NIM, DEPOSITS, CASA, COST_INCOME, NPL_RATIO, COR, STAGE3_COVER, ROTE) VALUES (89, 2022, 1, 5, 10850.4, 5685.8, 5685.8, 513680.2, 3.0, 578450.6, 316850.2, 37.5, 2.2, 1.05, 80.5, 16.2);
INSERT INTO FINANCIAL_PERFORMANCE (PERFORMANCE_ID, YEAR, QUARTER, BANK_ID, YTD_INCOME, YTD_PROFIT, QUARTERLY_PROFIT, LOANS_ADVANCES, NIM, DEPOSITS, CASA, COST_INCOME, NPL_RATIO, COR, STAGE3_COVER, ROTE) VALUES (90, 2022, 2, 5, 22150.6, 11685.4, 5999.6, 531850.4, 3.2, 598680.2, 332450.6, 36.8, 2.0, 0.95, 83.8, 17.8);
INSERT INTO FINANCIAL_PERFORMANCE (PERFORMANCE_ID, YEAR, QUARTER, BANK_ID, YTD_INCOME, YTD_PROFIT, QUARTERLY_PROFIT, LOANS_ADVANCES, NIM, DEPOSITS, CASA, COST_INCOME, NPL_RATIO, COR, STAGE3_COVER, ROTE) VALUES (91, 2022, 3, 5, 33650.2, 17985.6, 6300.2, 552450.8, 3.4, 621450.4, 349680.2, 36.2, 1.8, 0.85, 87.2, 19.5);
INSERT INTO FINANCIAL_PERFORMANCE (PERFORMANCE_ID, YEAR, QUARTER, BANK_ID, YTD_INCOME, YTD_PROFIT, QUARTERLY_PROFIT, LOANS_ADVANCES, NIM, DEPOSITS, CASA, COST_INCOME, NPL_RATIO, COR, STAGE3_COVER, ROTE) VALUES (92, 2022, 4, 5, 44850.8, 23985.2, 5999.6, 575680.4, 3.5, 646850.2, 368450.4, 35.8, 1.6, 0.78, 90.5, 21.2);
INSERT INTO FINANCIAL_PERFORMANCE (PERFORMANCE_ID, YEAR, QUARTER, BANK_ID, YTD_INCOME, YTD_PROFIT, QUARTERLY_PROFIT, LOANS_ADVANCES, NIM, DEPOSITS, CASA, COST_INCOME, NPL_RATIO, COR, STAGE3_COVER, ROTE) VALUES (93, 2023, 1, 5, 11950.6, 6485.4, 6485.4, 596450.8, 3.7, 671680.4, 384850.2, 35.2, 1.4, 0.68, 93.5, 23.5);
INSERT INTO FINANCIAL_PERFORMANCE (PERFORMANCE_ID, YEAR, QUARTER, BANK_ID, YTD_INCOME, YTD_PROFIT, QUARTERLY_PROFIT, LOANS_ADVANCES, NIM, DEPOSITS, CASA, COST_INCOME, NPL_RATIO, COR, STAGE3_COVER, ROTE) VALUES (94, 2023, 2, 5, 24350.2, 13285.6, 6800.2, 619680.2, 3.8, 698450.6, 402680.4, 34.5, 1.2, 0.62, 96.2, 25.8);
INSERT INTO FINANCIAL_PERFORMANCE (PERFORMANCE_ID, YEAR, QUARTER, BANK_ID, YTD_INCOME, YTD_PROFIT, QUARTERLY_PROFIT, LOANS_ADVANCES, NIM, DEPOSITS, CASA, COST_INCOME, NPL_RATIO, COR, STAGE3_COVER, ROTE) VALUES (95, 2023, 3, 5, 37150.4, 20285.8, 7000.2, 645850.4, 3.9, 727680.2, 422450.8, 33.8, 1.1, 0.58, 98.5, 28.2);
INSERT INTO FINANCIAL_PERFORMANCE (PERFORMANCE_ID, YEAR, QUARTER, BANK_ID, YTD_INCOME, YTD_PROFIT, QUARTERLY_PROFIT, LOANS_ADVANCES, NIM, DEPOSITS, CASA, COST_INCOME, NPL_RATIO, COR, STAGE3_COVER, ROTE) VALUES (96, 2023, 4, 5, 49850.2, 26985.4, 6699.6, 674450.8, 4.0, 759850.4, 444680.2, 33.2, 1.0, 0.55, 99.8, 30.5);
INSERT INTO FINANCIAL_PERFORMANCE (PERFORMANCE_ID, YEAR, QUARTER, BANK_ID, YTD_INCOME, YTD_PROFIT, QUARTERLY_PROFIT, LOANS_ADVANCES, NIM, DEPOSITS, CASA, COST_INCOME, NPL_RATIO, COR, STAGE3_COVER, ROTE) VALUES (97, 2024, 1, 5, 12850.4, 7185.2, 7185.2, 703680.2, 4.1, 792450.8, 467850.2, 32.8, 0.9, 0.52, 101.2, 32.8);
INSERT INTO FINANCIAL_PERFORMANCE (PERFORMANCE_ID, YEAR, QUARTER, BANK_ID, YTD_INCOME, YTD_PROFIT, QUARTERLY_PROFIT, LOANS_ADVANCES, NIM, DEPOSITS, CASA, COST_INCOME, NPL_RATIO, COR, STAGE3_COVER, ROTE) VALUES (98, 2024, 2, 5, 26150.8, 14685.4, 7500.2, 735450.6, 4.2, 827680.4, 492680.2, 32.2, 0.8, 0.48, 102.8, 34.5);
INSERT INTO FINANCIAL_PERFORMANCE (PERFORMANCE_ID, YEAR, QUARTER, BANK_ID, YTD_INCOME, YTD_PROFIT, QUARTERLY_PROFIT, LOANS_ADVANCES, NIM, DEPOSITS, CASA, COST_INCOME, NPL_RATIO, COR, STAGE3_COVER, ROTE) VALUES (99, 2024, 3, 5, 39950.2, 22485.6, 7800.2, 770680.4, 4.3, 866450.2, 519680.4, 31.5, 0.7, 0.45, 104.5, 36.8);
INSERT INTO FINANCIAL_PERFORMANCE (PERFORMANCE_ID, YEAR, QUARTER, BANK_ID, YTD_INCOME, YTD_PROFIT, QUARTERLY_PROFIT, LOANS_ADVANCES, NIM, DEPOSITS, CASA, COST_INCOME, NPL_RATIO, COR, STAGE3_COVER, ROTE) VALUES (100, 2024, 4, 5, 53650.8, 29985.2, 7499.6, 808450.8, 4.4, 908680.2, 548450.6, 31.0, 0.6, 0.42, 106.2, 38.5);

-- Commit batch
COMMIT;

INSERT INTO FINANCIAL_PERFORMANCE (PERFORMANCE_ID, YEAR, QUARTER, BANK_ID, YTD_INCOME, YTD_PROFIT, QUARTERLY_PROFIT, LOANS_ADVANCES, NIM, DEPOSITS, CASA, COST_INCOME, NPL_RATIO, COR, STAGE3_COVER, ROTE) VALUES (101, 2020, 1, 6, 1850.4, 485.6, 485.6, 45680.2, 2.8, 52450.8, 26850.2, 42.5, 3.8, 1.85, 58.5, 9.2);
INSERT INTO FINANCIAL_PERFORMANCE (PERFORMANCE_ID, YEAR, QUARTER, BANK_ID, YTD_INCOME, YTD_PROFIT, QUARTERLY_PROFIT, LOANS_ADVANCES, NIM, DEPOSITS, CASA, COST_INCOME, NPL_RATIO, COR, STAGE3_COVER, ROTE) VALUES (102, 2020, 2, 6, 3750.8, 885.4, 399.8, 47250.6, 2.7, 54680.4, 28450.6, 43.2, 4.1, 1.92, 56.8, 8.8);
INSERT INTO FINANCIAL_PERFORMANCE (PERFORMANCE_ID, YEAR, QUARTER, BANK_ID, YTD_INCOME, YTD_PROFIT, QUARTERLY_PROFIT, LOANS_ADVANCES, NIM, DEPOSITS, CASA, COST_INCOME, NPL_RATIO, COR, STAGE3_COVER, ROTE) VALUES (103, 2020, 3, 6, 5580.2, 1185.2, 299.8, 48850.4, 2.6, 56850.2, 30250.4, 44.1, 4.4, 2.05, 54.2, 8.2);
INSERT INTO FINANCIAL_PERFORMANCE (PERFORMANCE_ID, YEAR, QUARTER, BANK_ID, YTD_INCOME, YTD_PROFIT, QUARTERLY_PROFIT, LOANS_ADVANCES, NIM, DEPOSITS, CASA, COST_INCOME, NPL_RATIO, COR, STAGE3_COVER, ROTE) VALUES (104, 2020, 4, 6, 7420.6, 1385.8, 200.6, 50680.2, 2.5, 59450.4, 32450.8, 45.2, 4.8, 2.18, 51.8, 7.5);
INSERT INTO FINANCIAL_PERFORMANCE (PERFORMANCE_ID, YEAR, QUARTER, BANK_ID, YTD_INCOME, YTD_PROFIT, QUARTERLY_PROFIT, LOANS_ADVANCES, NIM, DEPOSITS, CASA, COST_INCOME, NPL_RATIO, COR, STAGE3_COVER, ROTE) VALUES (105, 2021, 1, 6, 1950.2, 585.4, 585.4, 52450.8, 2.6, 61680.2, 34250.6, 44.8, 4.5, 1.95, 54.8, 8.2);
INSERT INTO FINANCIAL_PERFORMANCE (PERFORMANCE_ID, YEAR, QUARTER, BANK_ID, YTD_INCOME, YTD_PROFIT, QUARTERLY_PROFIT, LOANS_ADVANCES, NIM, DEPOSITS, CASA, COST_INCOME, NPL_RATIO, COR, STAGE3_COVER, ROTE) VALUES (106, 2021, 2, 6, 3980.4, 1185.2, 599.8, 54680.4, 2.7, 64450.6, 36850.2, 43.5, 4.2, 1.82, 57.5, 8.8);
INSERT INTO FINANCIAL_PERFORMANCE (PERFORMANCE_ID, YEAR, QUARTER, BANK_ID, YTD_INCOME, YTD_PROFIT, QUARTERLY_PROFIT, LOANS_ADVANCES, NIM, DEPOSITS, CASA, COST_INCOME, NPL_RATIO, COR, STAGE3_COVER, ROTE) VALUES (107, 2021, 3, 6, 5950.6, 1885.8, 700.6, 57450.2, 2.8, 67850.4, 39680.4, 42.2, 3.9, 1.68, 60.8, 9.5);
INSERT INTO FINANCIAL_PERFORMANCE (PERFORMANCE_ID, YEAR, QUARTER, BANK_ID, YTD_INCOME, YTD_PROFIT, QUARTERLY_PROFIT, LOANS_ADVANCES, NIM, DEPOSITS, CASA, COST_INCOME, NPL_RATIO, COR, STAGE3_COVER, ROTE) VALUES (108, 2021, 4, 6, 7950.8, 2485.4, 599.6, 60680.6, 2.9, 71450.2, 42850.6, 41.5, 3.6, 1.55, 64.2, 10.2);
INSERT INTO FINANCIAL_PERFORMANCE (PERFORMANCE_ID, YEAR, QUARTER, BANK_ID, YTD_INCOME, YTD_PROFIT, QUARTERLY_PROFIT, LOANS_ADVANCES, NIM, DEPOSITS, CASA, COST_INCOME, NPL_RATIO, COR, STAGE3_COVER, ROTE) VALUES (109, 2022, 1, 6, 2150.4, 685.8, 685.8, 63850.2, 3.1, 74680.4, 45850.2, 40.2, 3.3, 1.42, 67.8, 11.2);
INSERT INTO FINANCIAL_PERFORMANCE (PERFORMANCE_ID, YEAR, QUARTER, BANK_ID, YTD_INCOME, YTD_PROFIT, QUARTERLY_PROFIT, LOANS_ADVANCES, NIM, DEPOSITS, CASA, COST_INCOME, NPL_RATIO, COR, STAGE3_COVER, ROTE) VALUES (110, 2022, 2, 6, 4380.6, 1485.2, 799.4, 67450.8, 3.3, 78450.2, 49250.6, 39.5, 3.0, 1.28, 71.5, 12.5);
INSERT INTO FINANCIAL_PERFORMANCE (PERFORMANCE_ID, YEAR, QUARTER, BANK_ID, YTD_INCOME, YTD_PROFIT, QUARTERLY_PROFIT, LOANS_ADVANCES, NIM, DEPOSITS, CASA, COST_INCOME, NPL_RATIO, COR, STAGE3_COVER, ROTE) VALUES (111, 2022, 3, 6, 6650.4, 2385.6, 900.4, 71680.4, 3.5, 82850.6, 53450.2, 38.8, 2.7, 1.15, 75.8, 14.2);
INSERT INTO FINANCIAL_PERFORMANCE (PERFORMANCE_ID, YEAR, QUARTER, BANK_ID, YTD_INCOME, YTD_PROFIT, QUARTERLY_PROFIT, LOANS_ADVANCES, NIM, DEPOSITS, CASA, COST_INCOME, NPL_RATIO, COR, STAGE3_COVER, ROTE) VALUES (112, 2022, 4, 6, 8850.2, 3185.8, 800.2, 76450.2, 3.6, 87680.8, 58250.4, 38.2, 2.5, 1.02, 79.5, 15.8);
INSERT INTO FINANCIAL_PERFORMANCE (PERFORMANCE_ID, YEAR, QUARTER, BANK_ID, YTD_INCOME, YTD_PROFIT, QUARTERLY_PROFIT, LOANS_ADVANCES, NIM, DEPOSITS, CASA, COST_INCOME, NPL_RATIO, COR, STAGE3_COVER, ROTE) VALUES (113, 2023, 1, 6, 2450.6, 885.4, 885.4, 80680.2, 3.8, 91450.8, 62850.2, 37.2, 2.3, 0.88, 82.8, 17.5);
INSERT INTO FINANCIAL_PERFORMANCE (PERFORMANCE_ID, YEAR, QUARTER, BANK_ID, YTD_INCOME, YTD_PROFIT, QUARTERLY_PROFIT, LOANS_ADVANCES, NIM, DEPOSITS, CASA, COST_INCOME, NPL_RATIO, COR, STAGE3_COVER, ROTE) VALUES (114, 2023, 2, 6, 4950.4, 1885.6, 1000.2, 85450.4, 3.9, 96680.2, 67450.4, 36.5, 2.1, 0.75, 85.5, 19.2);
INSERT INTO FINANCIAL_PERFORMANCE (PERFORMANCE_ID, YEAR, QUARTER, BANK_ID, YTD_INCOME, YTD_PROFIT, QUARTERLY_PROFIT, LOANS_ADVANCES, NIM, DEPOSITS, CASA, COST_INCOME, NPL_RATIO, COR, STAGE3_COVER, ROTE) VALUES (115, 2023, 3, 6, 7450.2, 2985.8, 1100.2, 91250.8, 4.0, 102850.4, 72680.2, 35.8, 1.9, 0.68, 88.2, 21.2);
INSERT INTO FINANCIAL_PERFORMANCE (PERFORMANCE_ID, YEAR, QUARTER, BANK_ID, YTD_INCOME, YTD_PROFIT, QUARTERLY_PROFIT, LOANS_ADVANCES, NIM, DEPOSITS, CASA, COST_INCOME, NPL_RATIO, COR, STAGE3_COVER, ROTE) VALUES (116, 2023, 4, 6, 9950.6, 3985.4, 999.6, 97850.2, 4.1, 109680.4, 78450.6, 35.2, 1.7, 0.62, 90.8, 22.8);
INSERT INTO FINANCIAL_PERFORMANCE (PERFORMANCE_ID, YEAR, QUARTER, BANK_ID, YTD_INCOME, YTD_PROFIT, QUARTERLY_PROFIT, LOANS_ADVANCES, NIM, DEPOSITS, CASA, COST_INCOME, NPL_RATIO, COR, STAGE3_COVER, ROTE) VALUES (117, 2024, 1, 6, 2750.8, 1185.2, 1185.2, 103680.4, 4.2, 116450.8, 84680.2, 34.5, 1.5, 0.58, 92.5, 24.8);
INSERT INTO FINANCIAL_PERFORMANCE (PERFORMANCE_ID, YEAR, QUARTER, BANK_ID, YTD_INCOME, YTD_PROFIT, QUARTERLY_PROFIT, LOANS_ADVANCES, NIM, DEPOSITS, CASA, COST_INCOME, NPL_RATIO, COR, STAGE3_COVER, ROTE) VALUES (118, 2024, 2, 6, 5580.4, 2485.6, 1300.4, 110450.2, 4.3, 123680.4, 91450.2, 33.8, 1.3, 0.52, 94.8, 26.5);
INSERT INTO FINANCIAL_PERFORMANCE (PERFORMANCE_ID, YEAR, QUARTER, BANK_ID, YTD_INCOME, YTD_PROFIT, QUARTERLY_PROFIT, LOANS_ADVANCES, NIM, DEPOSITS, CASA, COST_INCOME, NPL_RATIO, COR, STAGE3_COVER, ROTE) VALUES (119, 2024, 3, 6, 8450.2, 3885.8, 1400.2, 118680.6, 4.4, 131450.2, 98850.4, 33.2, 1.1, 0.48, 96.5, 28.8);
INSERT INTO FINANCIAL_PERFORMANCE (PERFORMANCE_ID, YEAR, QUARTER, BANK_ID, YTD_INCOME, YTD_PROFIT, QUARTERLY_PROFIT, LOANS_ADVANCES, NIM, DEPOSITS, CASA, COST_INCOME, NPL_RATIO, COR, STAGE3_COVER, ROTE) VALUES (120, 2024, 4, 6, 11350.8, 5185.4, 1299.6, 127450.8, 4.5, 140680.2, 107450.8, 32.5, 0.9, 0.45, 98.2, 30.5);

COMMIT;

-- =====================================================
-- Insert data into MARKET_DATA table
-- =====================================================

INSERT INTO MARKET_DATA (MARKET_ID, YEAR, QUARTER, BANK_ID, CET1, CET_CAPITAL, RWA, SHARE_PRICE, MARKET_CAP_AED_BN, MARKET_CAP_USD_BN, PE_RATIO, PB_RATIO) VALUES (1, 2020, 1, 1, 14.2, 12450.6, 87680.2, 35.5, 7.12, 1.94, 9.01, 1.03);
INSERT INTO MARKET_DATA (MARKET_ID, YEAR, QUARTER, BANK_ID, CET1, CET_CAPITAL, RWA, SHARE_PRICE, MARKET_CAP_AED_BN, MARKET_CAP_USD_BN, PE_RATIO, PB_RATIO) VALUES (2, 2020, 2, 1, 14.0, 12680.4, 90520.8, 34.25, 6.87, 1.87, 9.29, 1.07);
INSERT INTO MARKET_DATA (MARKET_ID, YEAR, QUARTER, BANK_ID, CET1, CET_CAPITAL, RWA, SHARE_PRICE, MARKET_CAP_AED_BN, MARKET_CAP_USD_BN, PE_RATIO, PB_RATIO) VALUES (3, 2020, 3, 1, 13.8, 13020.2, 94380.6, 32.8, 6.58, 1.79, 9.56, 1.11);
INSERT INTO MARKET_DATA (MARKET_ID, YEAR, QUARTER, BANK_ID, CET1, CET_CAPITAL, RWA, SHARE_PRICE, MARKET_CAP_AED_BN, MARKET_CAP_USD_BN, PE_RATIO, PB_RATIO) VALUES (4, 2020, 4, 1, 13.5, 13450.8, 99680.4, 31.2, 6.26, 1.7, 9.82, 1.16);
INSERT INTO MARKET_DATA (MARKET_ID, YEAR, QUARTER, BANK_ID, CET1, CET_CAPITAL, RWA, SHARE_PRICE, MARKET_CAP_AED_BN, MARKET_CAP_USD_BN, PE_RATIO, PB_RATIO) VALUES (5, 2021, 1, 1, 13.8, 14120.5, 102350.8, 36.75, 7.38, 2.01, 10.54, 1.18);
INSERT INTO MARKET_DATA (MARKET_ID, YEAR, QUARTER, BANK_ID, CET1, CET_CAPITAL, RWA, SHARE_PRICE, MARKET_CAP_AED_BN, MARKET_CAP_USD_BN, PE_RATIO, PB_RATIO) VALUES (6, 2021, 2, 1, 14.1, 14680.2, 104120.6, 38.9, 7.81, 2.13, 10.88, 1.24);
INSERT INTO MARKET_DATA (MARKET_ID, YEAR, QUARTER, BANK_ID, CET1, CET_CAPITAL, RWA, SHARE_PRICE, MARKET_CAP_AED_BN, MARKET_CAP_USD_BN, PE_RATIO, PB_RATIO) VALUES (7, 2021, 3, 1, 14.5, 15340.8, 105780.4, 41.2, 8.27, 2.25, 11.22, 1.31);
INSERT INTO MARKET_DATA (MARKET_ID, YEAR, QUARTER, BANK_ID, CET1, CET_CAPITAL, RWA, SHARE_PRICE, MARKET_CAP_AED_BN, MARKET_CAP_USD_BN, PE_RATIO, PB_RATIO) VALUES (8, 2021, 4, 1, 14.8, 16120.4, 109080.6, 43.5, 8.73, 2.38, 11.57, 1.37);
INSERT INTO MARKET_DATA (MARKET_ID, YEAR, QUARTER, BANK_ID, CET1, CET_CAPITAL, RWA, SHARE_PRICE, MARKET_CAP_AED_BN, MARKET_CAP_USD_BN, PE_RATIO, PB_RATIO) VALUES (9, 2022, 1, 1, 15.2, 17450.6, 114680.2, 46.8, 9.4, 2.56, 12.24, 1.38);
INSERT INTO MARKET_DATA (MARKET_ID, YEAR, QUARTER, BANK_ID, CET1, CET_CAPITAL, RWA, SHARE_PRICE, MARKET_CAP_AED_BN, MARKET_CAP_USD_BN, PE_RATIO, PB_RATIO) VALUES (10, 2022, 2, 1, 15.6, 18680.4, 119750.8, 49.2, 9.89, 2.69, 12.58, 1.45);
INSERT INTO MARKET_DATA (MARKET_ID, YEAR, QUARTER, BANK_ID, CET1, CET_CAPITAL, RWA, SHARE_PRICE, MARKET_CAP_AED_BN, MARKET_CAP_USD_BN, PE_RATIO, PB_RATIO) VALUES (11, 2022, 3, 1, 16.1, 20120.8, 124980.6, 52.1, 10.47, 2.85, 12.94, 1.51);
INSERT INTO MARKET_DATA (MARKET_ID, YEAR, QUARTER, BANK_ID, CET1, CET_CAPITAL, RWA, SHARE_PRICE, MARKET_CAP_AED_BN, MARKET_CAP_USD_BN, PE_RATIO, PB_RATIO) VALUES (12, 2022, 4, 1, 16.5, 21850.4, 132450.2, 54.75, 10.99, 2.99, 13.29, 1.57);
INSERT INTO MARKET_DATA (MARKET_ID, YEAR, QUARTER, BANK_ID, CET1, CET_CAPITAL, RWA, SHARE_PRICE, MARKET_CAP_AED_BN, MARKET_CAP_USD_BN, PE_RATIO, PB_RATIO) VALUES (13, 2023, 1, 1, 16.8, 23450.8, 139680.4, 58.2, 11.68, 3.18, 13.96, 1.59);
INSERT INTO MARKET_DATA (MARKET_ID, YEAR, QUARTER, BANK_ID, CET1, CET_CAPITAL, RWA, SHARE_PRICE, MARKET_CAP_AED_BN, MARKET_CAP_USD_BN, PE_RATIO, PB_RATIO) VALUES (14, 2023, 2, 1, 17.2, 25120.4, 146080.6, 61.5, 12.35, 3.36, 14.33, 1.66);
INSERT INTO MARKET_DATA (MARKET_ID, YEAR, QUARTER, BANK_ID, CET1, CET_CAPITAL, RWA, SHARE_PRICE, MARKET_CAP_AED_BN, MARKET_CAP_USD_BN, PE_RATIO, PB_RATIO) VALUES (15, 2023, 3, 1, 17.5, 27680.2, 158120.8, 64.8, 13.01, 3.54, 14.7, 1.72);
INSERT INTO MARKET_DATA (MARKET_ID, YEAR, QUARTER, BANK_ID, CET1, CET_CAPITAL, RWA, SHARE_PRICE, MARKET_CAP_AED_BN, MARKET_CAP_USD_BN, PE_RATIO, PB_RATIO) VALUES (16, 2023, 4, 1, 16.5, 30450.6, 184680.4, 68.25, 13.71, 3.73, 15.06, 1.79);
INSERT INTO MARKET_DATA (MARKET_ID, YEAR, QUARTER, BANK_ID, CET1, CET_CAPITAL, RWA, SHARE_PRICE, MARKET_CAP_AED_BN, MARKET_CAP_USD_BN, PE_RATIO, PB_RATIO) VALUES (17, 2024, 1, 1, 16.8, 32680.4, 194580.6, 72.5, 14.56, 3.96, 15.75, 1.81);
INSERT INTO MARKET_DATA (MARKET_ID, YEAR, QUARTER, BANK_ID, CET1, CET_CAPITAL, RWA, SHARE_PRICE, MARKET_CAP_AED_BN, MARKET_CAP_USD_BN, PE_RATIO, PB_RATIO) VALUES (18, 2024, 2, 1, 17.2, 25120.4, 146080.6, 61.5, 12.35, 3.36, 15.83, 1.81);
INSERT INTO MARKET_DATA (MARKET_ID, YEAR, QUARTER, BANK_ID, CET1, CET_CAPITAL, RWA, SHARE_PRICE, MARKET_CAP_AED_BN, MARKET_CAP_USD_BN, PE_RATIO, PB_RATIO) VALUES (19, 2024, 3, 1, 17.4, 37450.8, 215280.2, 79.2, 15.91, 4.33, 16.48, 1.95);
INSERT INTO MARKET_DATA (MARKET_ID, YEAR, QUARTER, BANK_ID, CET1, CET_CAPITAL, RWA, SHARE_PRICE, MARKET_CAP_AED_BN, MARKET_CAP_USD_BN, PE_RATIO, PB_RATIO) VALUES (20, 2024, 4, 1, 17.6, 40280.6, 228450.4, 82.75, 16.62, 4.52, 16.86, 2.01);
INSERT INTO MARKET_DATA (MARKET_ID, YEAR, QUARTER, BANK_ID, CET1, CET_CAPITAL, RWA, SHARE_PRICE, MARKET_CAP_AED_BN, MARKET_CAP_USD_BN, PE_RATIO, PB_RATIO) VALUES (21, 2020, 1, 2, 15.2, 45680.2, 300450.8, 4.25, 85.2, 23.21, 8.39, 0.87);
INSERT INTO MARKET_DATA (MARKET_ID, YEAR, QUARTER, BANK_ID, CET1, CET_CAPITAL, RWA, SHARE_PRICE, MARKET_CAP_AED_BN, MARKET_CAP_USD_BN, PE_RATIO, PB_RATIO) VALUES (22, 2020, 2, 2, 14.9, 46850.4, 314580.2, 4.15, 83.18, 22.65, 8.68, 0.92);
INSERT INTO MARKET_DATA (MARKET_ID, YEAR, QUARTER, BANK_ID, CET1, CET_CAPITAL, RWA, SHARE_PRICE, MARKET_CAP_AED_BN, MARKET_CAP_USD_BN, PE_RATIO, PB_RATIO) VALUES (23, 2020, 3, 2, 14.6, 47680.6, 326450.4, 4.05, 81.23, 22.1, 8.98, 0.97);
INSERT INTO MARKET_DATA (MARKET_ID, YEAR, QUARTER, BANK_ID, CET1, CET_CAPITAL, RWA, SHARE_PRICE, MARKET_CAP_AED_BN, MARKET_CAP_USD_BN, PE_RATIO, PB_RATIO) VALUES (24, 2020, 4, 2, 14.2, 48950.2, 344680.6, 3.95, 79.2, 21.56, 9.28, 1.02);
INSERT INTO MARKET_DATA (MARKET_ID, YEAR, QUARTER, BANK_ID, CET1, CET_CAPITAL, RWA, SHARE_PRICE, MARKET_CAP_AED_BN, MARKET_CAP_USD_BN, PE_RATIO, PB_RATIO) VALUES (25, 2021, 1, 2, 14.5, 51680.4, 356450.8, 4.35, 87.22, 23.76, 9.89, 1.02);
INSERT INTO MARKET_DATA (MARKET_ID, YEAR, QUARTER, BANK_ID, CET1, CET_CAPITAL, RWA, SHARE_PRICE, MARKET_CAP_AED_BN, MARKET_CAP_USD_BN, PE_RATIO, PB_RATIO) VALUES (26, 2021, 2, 2, 14.8, 53450.2, 361280.4, 4.55, 91.21, 24.84, 10.19, 1.07);
INSERT INTO MARKET_DATA (MARKET_ID, YEAR, QUARTER, BANK_ID, CET1, CET_CAPITAL, RWA, SHARE_PRICE, MARKET_CAP_AED_BN, MARKET_CAP_USD_BN, PE_RATIO, PB_RATIO) VALUES (27, 2021, 3, 2, 15.2, 55680.8, 366450.2, 4.78, 95.86, 26.1, 10.5, 1.12);
INSERT INTO MARKET_DATA (MARKET_ID, YEAR, QUARTER, BANK_ID, CET1, CET_CAPITAL, RWA, SHARE_PRICE, MARKET_CAP_AED_BN, MARKET_CAP_USD_BN, PE_RATIO, PB_RATIO) VALUES (28, 2021, 4, 2, 15.6, 58450.2, 374680.6, 5.02, 100.7, 27.43, 10.8, 1.18);
INSERT INTO MARKET_DATA (MARKET_ID, YEAR, QUARTER, BANK_ID, CET1, CET_CAPITAL, RWA, SHARE_PRICE, MARKET_CAP_AED_BN, MARKET_CAP_USD_BN, PE_RATIO, PB_RATIO) VALUES (29, 2022, 1, 2, 16.2, 61680.4, 380450.8, 5.45, 109.3, 29.75, 11.41, 1.18);
INSERT INTO MARKET_DATA (MARKET_ID, YEAR, QUARTER, BANK_ID, CET1, CET_CAPITAL, RWA, SHARE_PRICE, MARKET_CAP_AED_BN, MARKET_CAP_USD_BN, PE_RATIO, PB_RATIO) VALUES (30, 2022, 2, 2, 16.6, 64450.8, 388250.6, 5.78, 115.98, 31.58, 11.72, 1.23);
INSERT INTO MARKET_DATA (MARKET_ID, YEAR, QUARTER, BANK_ID, CET1, CET_CAPITAL, RWA, SHARE_PRICE, MARKET_CAP_AED_BN, MARKET_CAP_USD_BN, PE_RATIO, PB_RATIO) VALUES (31, 2022, 3, 2, 17.1, 67850.2, 396850.4, 6.12, 122.81, 33.43, 12.02, 1.28);
INSERT INTO MARKET_DATA (MARKET_ID, YEAR, QUARTER, BANK_ID, CET1, CET_CAPITAL, RWA, SHARE_PRICE, MARKET_CAP_AED_BN, MARKET_CAP_USD_BN, PE_RATIO, PB_RATIO) VALUES (32, 2022, 4, 2, 17.5, 71450.8, 408250.2, 6.48, 130.01, 35.4, 12.33, 1.33);
INSERT INTO MARKET_DATA (MARKET_ID, YEAR, QUARTER, BANK_ID, CET1, CET_CAPITAL, RWA, SHARE_PRICE, MARKET_CAP_AED_BN, MARKET_CAP_USD_BN, PE_RATIO, PB_RATIO) VALUES (33, 2023, 1, 2, 17.8, 74680.2, 419450.6, 6.85, 137.42, 37.42, 12.94, 1.33);
INSERT INTO MARKET_DATA (MARKET_ID, YEAR, QUARTER, BANK_ID, CET1, CET_CAPITAL, RWA, SHARE_PRICE, MARKET_CAP_AED_BN, MARKET_CAP_USD_BN, PE_RATIO, PB_RATIO) VALUES (34, 2023, 2, 2, 18.2, 78450.8, 431280.4, 7.25, 145.48, 39.61, 13.24, 1.39);
INSERT INTO MARKET_DATA (MARKET_ID, YEAR, QUARTER, BANK_ID, CET1, CET_CAPITAL, RWA, SHARE_PRICE, MARKET_CAP_AED_BN, MARKET_CAP_USD_BN, PE_RATIO, PB_RATIO) VALUES (35, 2023, 3, 2, 18.6, 82680.4, 444450.8, 7.68, 154.12, 41.95, 13.55, 1.44);
INSERT INTO MARKET_DATA (MARKET_ID, YEAR, QUARTER, BANK_ID, CET1, CET_CAPITAL, RWA, SHARE_PRICE, MARKET_CAP_AED_BN, MARKET_CAP_USD_BN, PE_RATIO, PB_RATIO) VALUES (36, 2023, 4, 2, 19.1, 87450.6, 458680.2, 8.12, 163.01, 44.37, 13.86, 1.49);
INSERT INTO MARKET_DATA (MARKET_ID, YEAR, QUARTER, BANK_ID, CET1, CET_CAPITAL, RWA, SHARE_PRICE, MARKET_CAP_AED_BN, MARKET_CAP_USD_BN, PE_RATIO, PB_RATIO) VALUES (37, 2024, 1, 2, 19.5, 91680.4, 470450.6, 8.65, 173.68, 47.29, 14.47, 1.49);
INSERT INTO MARKET_DATA (MARKET_ID, YEAR, QUARTER, BANK_ID, CET1, CET_CAPITAL, RWA, SHARE_PRICE, MARKET_CAP_AED_BN, MARKET_CAP_USD_BN, PE_RATIO, PB_RATIO) VALUES (38, 2024, 2, 2, 19.8, 96450.8, 487280.4, 9.2, 184.74, 50.29, 14.78, 1.55);
INSERT INTO MARKET_DATA (MARKET_ID, YEAR, QUARTER, BANK_ID, CET1, CET_CAPITAL, RWA, SHARE_PRICE, MARKET_CAP_AED_BN, MARKET_CAP_USD_BN, PE_RATIO, PB_RATIO) VALUES (39, 2024, 3, 2, 20.2, 102680.2, 508450.8, 9.78, 196.42, 53.47, 15.1, 1.6);
INSERT INTO MARKET_DATA (MARKET_ID, YEAR, QUARTER, BANK_ID, CET1, CET_CAPITAL, RWA, SHARE_PRICE, MARKET_CAP_AED_BN, MARKET_CAP_USD_BN, PE_RATIO, PB_RATIO) VALUES (40, 2024, 4, 2, 20.6, 109450.6, 530680.2, 10.35, 208.01, 56.66, 15.41, 1.65);
INSERT INTO MARKET_DATA (MARKET_ID, YEAR, QUARTER, BANK_ID, CET1, CET_CAPITAL, RWA, SHARE_PRICE, MARKET_CAP_AED_BN, MARKET_CAP_USD_BN, PE_RATIO, PB_RATIO) VALUES (41, 2020, 1, 3, 16.8, 28450.6, 169250.4, 3.45, 27.45, 7.47, 8.37, 0.87);
INSERT INTO MARKET_DATA (MARKET_ID, YEAR, QUARTER, BANK_ID, CET1, CET_CAPITAL, RWA, SHARE_PRICE, MARKET_CAP_AED_BN, MARKET_CAP_USD_BN, PE_RATIO, PB_RATIO) VALUES (42, 2020, 2, 3, 16.5, 29680.4, 179850.2, 3.38, 26.91, 7.32, 8.67, 0.92);
INSERT INTO MARKET_DATA (MARKET_ID, YEAR, QUARTER, BANK_ID, CET1, CET_CAPITAL, RWA, SHARE_PRICE, MARKET_CAP_AED_BN, MARKET_CAP_USD_BN, PE_RATIO, PB_RATIO) VALUES (43, 2020, 3, 3, 16.2, 30850.2, 190450.8, 3.25, 25.87, 7.04, 8.96, 0.97);
INSERT INTO MARKET_DATA (MARKET_ID, YEAR, QUARTER, BANK_ID, CET1, CET_CAPITAL, RWA, SHARE_PRICE, MARKET_CAP_AED_BN, MARKET_CAP_USD_BN, PE_RATIO, PB_RATIO) VALUES (44, 2020, 4, 3, 15.8, 31680.4, 200450.6, 3.12, 24.84, 6.76, 9.26, 1.02);
INSERT INTO MARKET_DATA (MARKET_ID, YEAR, QUARTER, BANK_ID, CET1, CET_CAPITAL, RWA, SHARE_PRICE, MARKET_CAP_AED_BN, MARKET_CAP_USD_BN, PE_RATIO, PB_RATIO) VALUES (45, 2021, 1, 3, 16.2, 33450.8, 206450.2, 3.35, 26.68, 7.27, 9.87, 1.02);
INSERT INTO MARKET_DATA (MARKET_ID, YEAR, QUARTER, BANK_ID, CET1, CET_CAPITAL, RWA, SHARE_PRICE, MARKET_CAP_AED_BN, MARKET_CAP_USD_BN, PE_RATIO, PB_RATIO) VALUES (46, 2021, 2, 3, 16.5, 35680.4, 216250.8, 3.52, 28.05, 7.64, 10.17, 1.07);
INSERT INTO MARKET_DATA (MARKET_ID, YEAR, QUARTER, BANK_ID, CET1, CET_CAPITAL, RWA, SHARE_PRICE, MARKET_CAP_AED_BN, MARKET_CAP_USD_BN, PE_RATIO, PB_RATIO) VALUES (47, 2021, 3, 3, 16.8, 38450.2, 228850.4, 3.72, 29.64, 8.07, 10.47, 1.12);
INSERT INTO MARKET_DATA (MARKET_ID, YEAR, QUARTER, BANK_ID, CET1, CET_CAPITAL, RWA, SHARE_PRICE, MARKET_CAP_AED_BN, MARKET_CAP_USD_BN, PE_RATIO, PB_RATIO) VALUES (48, 2021, 4, 3, 17.2, 41680.6, 242450.8, 3.95, 31.47, 8.57, 10.78, 1.17);
INSERT INTO MARKET_DATA (MARKET_ID, YEAR, QUARTER, BANK_ID, CET1, CET_CAPITAL, RWA, SHARE_PRICE, MARKET_CAP_AED_BN, MARKET_CAP_USD_BN, PE_RATIO, PB_RATIO) VALUES (49, 2022, 1, 3, 17.5, 44680.8, 255450.2, 4.28, 34.08, 9.28, 11.39, 1.17);
INSERT INTO MARKET_DATA (MARKET_ID, YEAR, QUARTER, BANK_ID, CET1, CET_CAPITAL, RWA, SHARE_PRICE, MARKET_CAP_AED_BN, MARKET_CAP_USD_BN, PE_RATIO, PB_RATIO) VALUES (50, 2022, 2, 3, 18.1, 48450.2, 267850.4, 4.65, 37.05, 10.09, 11.69, 1.22);

-- Commit batch
COMMIT;

INSERT INTO MARKET_DATA (MARKET_ID, YEAR, QUARTER, BANK_ID, CET1, CET_CAPITAL, RWA, SHARE_PRICE, MARKET_CAP_AED_BN, MARKET_CAP_USD_BN, PE_RATIO, PB_RATIO) VALUES (51, 2022, 3, 3, 18.6, 52680.4, 283450.8, 5.05, 40.24, 10.96, 12.0, 1.28);
INSERT INTO MARKET_DATA (MARKET_ID, YEAR, QUARTER, BANK_ID, CET1, CET_CAPITAL, RWA, SHARE_PRICE, MARKET_CAP_AED_BN, MARKET_CAP_USD_BN, PE_RATIO, PB_RATIO) VALUES (52, 2022, 4, 3, 19.2, 57450.8, 300680.4, 5.48, 43.68, 11.9, 12.31, 1.33);
INSERT INTO MARKET_DATA (MARKET_ID, YEAR, QUARTER, BANK_ID, CET1, CET_CAPITAL, RWA, SHARE_PRICE, MARKET_CAP_AED_BN, MARKET_CAP_USD_BN, PE_RATIO, PB_RATIO) VALUES (53, 2023, 1, 3, 19.8, 62680.4, 316450.8, 5.95, 47.45, 12.92, 12.92, 1.33);
INSERT INTO MARKET_DATA (MARKET_ID, YEAR, QUARTER, BANK_ID, CET1, CET_CAPITAL, RWA, SHARE_PRICE, MARKET_CAP_AED_BN, MARKET_CAP_USD_BN, PE_RATIO, PB_RATIO) VALUES (54, 2023, 2, 3, 20.5, 68450.2, 334280.6, 6.45, 51.42, 14.0, 13.23, 1.38);
INSERT INTO MARKET_DATA (MARKET_ID, YEAR, QUARTER, BANK_ID, CET1, CET_CAPITAL, RWA, SHARE_PRICE, MARKET_CAP_AED_BN, MARKET_CAP_USD_BN, PE_RATIO, PB_RATIO) VALUES (55, 2023, 3, 3, 21.2, 75680.8, 356850.4, 6.98, 55.64, 15.16, 13.54, 1.43);
INSERT INTO MARKET_DATA (MARKET_ID, YEAR, QUARTER, BANK_ID, CET1, CET_CAPITAL, RWA, SHARE_PRICE, MARKET_CAP_AED_BN, MARKET_CAP_USD_BN, PE_RATIO, PB_RATIO) VALUES (56, 2023, 4, 3, 21.8, 83450.6, 382680.2, 7.55, 60.2, 16.39, 13.85, 1.49);
INSERT INTO MARKET_DATA (MARKET_ID, YEAR, QUARTER, BANK_ID, CET1, CET_CAPITAL, RWA, SHARE_PRICE, MARKET_CAP_AED_BN, MARKET_CAP_USD_BN, PE_RATIO, PB_RATIO) VALUES (57, 2024, 1, 3, 22.2, 89680.4, 403850.2, 8.15, 65.01, 17.7, 14.46, 1.49);
INSERT INTO MARKET_DATA (MARKET_ID, YEAR, QUARTER, BANK_ID, CET1, CET_CAPITAL, RWA, SHARE_PRICE, MARKET_CAP_AED_BN, MARKET_CAP_USD_BN, PE_RATIO, PB_RATIO) VALUES (58, 2024, 2, 3, 22.8, 96450.8, 423680.4, 8.78, 70.05, 19.08, 14.78, 1.54);
INSERT INTO MARKET_DATA (MARKET_ID, YEAR, QUARTER, BANK_ID, CET1, CET_CAPITAL, RWA, SHARE_PRICE, MARKET_CAP_AED_BN, MARKET_CAP_USD_BN, PE_RATIO, PB_RATIO) VALUES (59, 2024, 3, 3, 23.5, 104680.2, 445450.8, 9.45, 75.34, 20.52, 15.09, 1.6);
INSERT INTO MARKET_DATA (MARKET_ID, YEAR, QUARTER, BANK_ID, CET1, CET_CAPITAL, RWA, SHARE_PRICE, MARKET_CAP_AED_BN, MARKET_CAP_USD_BN, PE_RATIO, PB_RATIO) VALUES (60, 2024, 4, 3, 24.2, 113450.6, 468850.2, 10.12, 80.72, 21.98, 15.4, 1.65);
INSERT INTO MARKET_DATA (MARKET_ID, YEAR, QUARTER, BANK_ID, CET1, CET_CAPITAL, RWA, SHARE_PRICE, MARKET_CAP_AED_BN, MARKET_CAP_USD_BN, PE_RATIO, PB_RATIO) VALUES (61, 2020, 1, 4, 14.2, 52680.4, 370850.2, 8.25, 66.02, 17.98, 8.46, 0.89);
INSERT INTO MARKET_DATA (MARKET_ID, YEAR, QUARTER, BANK_ID, CET1, CET_CAPITAL, RWA, SHARE_PRICE, MARKET_CAP_AED_BN, MARKET_CAP_USD_BN, PE_RATIO, PB_RATIO) VALUES (62, 2020, 2, 4, 13.8, 54450.2, 394680.6, 8.05, 64.4, 17.54, 8.76, 0.94);
INSERT INTO MARKET_DATA (MARKET_ID, YEAR, QUARTER, BANK_ID, CET1, CET_CAPITAL, RWA, SHARE_PRICE, MARKET_CAP_AED_BN, MARKET_CAP_USD_BN, PE_RATIO, PB_RATIO) VALUES (63, 2020, 3, 4, 13.4, 55680.8, 415450.2, 7.85, 62.81, 17.1, 9.06, 0.99);
INSERT INTO MARKET_DATA (MARKET_ID, YEAR, QUARTER, BANK_ID, CET1, CET_CAPITAL, RWA, SHARE_PRICE, MARKET_CAP_AED_BN, MARKET_CAP_USD_BN, PE_RATIO, PB_RATIO) VALUES (64, 2020, 4, 4, 13.0, 56850.4, 437680.8, 7.65, 61.22, 16.67, 9.35, 1.04);
INSERT INTO MARKET_DATA (MARKET_ID, YEAR, QUARTER, BANK_ID, CET1, CET_CAPITAL, RWA, SHARE_PRICE, MARKET_CAP_AED_BN, MARKET_CAP_USD_BN, PE_RATIO, PB_RATIO) VALUES (65, 2021, 1, 4, 13.5, 59680.4, 442850.6, 8.15, 65.2, 17.76, 9.96, 1.04);
INSERT INTO MARKET_DATA (MARKET_ID, YEAR, QUARTER, BANK_ID, CET1, CET_CAPITAL, RWA, SHARE_PRICE, MARKET_CAP_AED_BN, MARKET_CAP_USD_BN, PE_RATIO, PB_RATIO) VALUES (66, 2021, 2, 4, 14.0, 63450.8, 453280.2, 8.65, 69.2, 18.85, 10.27, 1.09);
INSERT INTO MARKET_DATA (MARKET_ID, YEAR, QUARTER, BANK_ID, CET1, CET_CAPITAL, RWA, SHARE_PRICE, MARKET_CAP_AED_BN, MARKET_CAP_USD_BN, PE_RATIO, PB_RATIO) VALUES (67, 2021, 3, 4, 14.5, 68680.2, 473850.4, 9.18, 73.44, 20.01, 10.58, 1.15);
INSERT INTO MARKET_DATA (MARKET_ID, YEAR, QUARTER, BANK_ID, CET1, CET_CAPITAL, RWA, SHARE_PRICE, MARKET_CAP_AED_BN, MARKET_CAP_USD_BN, PE_RATIO, PB_RATIO) VALUES (68, 2021, 4, 4, 15.0, 74450.8, 496450.2, 9.75, 78.0, 21.25, 10.89, 1.2);
INSERT INTO MARKET_DATA (MARKET_ID, YEAR, QUARTER, BANK_ID, CET1, CET_CAPITAL, RWA, SHARE_PRICE, MARKET_CAP_AED_BN, MARKET_CAP_USD_BN, PE_RATIO, PB_RATIO) VALUES (69, 2022, 1, 4, 15.8, 80680.4, 510850.2, 10.45, 83.6, 22.76, 11.51, 1.2);
INSERT INTO MARKET_DATA (MARKET_ID, YEAR, QUARTER, BANK_ID, CET1, CET_CAPITAL, RWA, SHARE_PRICE, MARKET_CAP_AED_BN, MARKET_CAP_USD_BN, PE_RATIO, PB_RATIO) VALUES (70, 2022, 2, 4, 16.5, 88450.2, 536280.4, 11.2, 89.6, 24.4, 11.82, 1.26);
INSERT INTO MARKET_DATA (MARKET_ID, YEAR, QUARTER, BANK_ID, CET1, CET_CAPITAL, RWA, SHARE_PRICE, MARKET_CAP_AED_BN, MARKET_CAP_USD_BN, PE_RATIO, PB_RATIO) VALUES (71, 2022, 3, 4, 17.2, 97680.4, 567850.2, 11.98, 95.84, 26.1, 12.14, 1.31);
INSERT INTO MARKET_DATA (MARKET_ID, YEAR, QUARTER, BANK_ID, CET1, CET_CAPITAL, RWA, SHARE_PRICE, MARKET_CAP_AED_BN, MARKET_CAP_USD_BN, PE_RATIO, PB_RATIO) VALUES (72, 2022, 4, 4, 17.8, 108450.6, 609280.4, 12.75, 102.0, 27.78, 12.46, 1.36);
INSERT INTO MARKET_DATA (MARKET_ID, YEAR, QUARTER, BANK_ID, CET1, CET_CAPITAL, RWA, SHARE_PRICE, MARKET_CAP_AED_BN, MARKET_CAP_USD_BN, PE_RATIO, PB_RATIO) VALUES (73, 2023, 1, 4, 18.5, 118680.4, 641450.8, 13.85, 110.8, 30.18, 13.08, 1.37);
INSERT INTO MARKET_DATA (MARKET_ID, YEAR, QUARTER, BANK_ID, CET1, CET_CAPITAL, RWA, SHARE_PRICE, MARKET_CAP_AED_BN, MARKET_CAP_USD_BN, PE_RATIO, PB_RATIO) VALUES (74, 2023, 2, 4, 19.2, 130450.2, 679280.6, 14.65, 117.2, 31.93, 13.39, 1.42);
INSERT INTO MARKET_DATA (MARKET_ID, YEAR, QUARTER, BANK_ID, CET1, CET_CAPITAL, RWA, SHARE_PRICE, MARKET_CAP_AED_BN, MARKET_CAP_USD_BN, PE_RATIO, PB_RATIO) VALUES (75, 2023, 3, 4, 19.8, 144680.8, 730850.2, 15.48, 123.84, 33.73, 13.71, 1.48);
INSERT INTO MARKET_DATA (MARKET_ID, YEAR, QUARTER, BANK_ID, CET1, CET_CAPITAL, RWA, SHARE_PRICE, MARKET_CAP_AED_BN, MARKET_CAP_USD_BN, PE_RATIO, PB_RATIO) VALUES (76, 2023, 4, 4, 20.5, 160450.8, 783280.4, 16.25, 130.0, 35.41, 14.02, 1.53);
INSERT INTO MARKET_DATA (MARKET_ID, YEAR, QUARTER, BANK_ID, CET1, CET_CAPITAL, RWA, SHARE_PRICE, MARKET_CAP_AED_BN, MARKET_CAP_USD_BN, PE_RATIO, PB_RATIO) VALUES (77, 2024, 1, 4, 21.2, 174680.4, 824850.2, 17.25, 138.0, 37.59, 14.65, 1.54);
INSERT INTO MARKET_DATA (MARKET_ID, YEAR, QUARTER, BANK_ID, CET1, CET_CAPITAL, RWA, SHARE_PRICE, MARKET_CAP_AED_BN, MARKET_CAP_USD_BN, PE_RATIO, PB_RATIO) VALUES (78, 2024, 2, 4, 21.8, 190450.8, 873680.4, 18.45, 147.6, 40.2, 14.97, 1.59);
INSERT INTO MARKET_DATA (MARKET_ID, YEAR, QUARTER, BANK_ID, CET1, CET_CAPITAL, RWA, SHARE_PRICE, MARKET_CAP_AED_BN, MARKET_CAP_USD_BN, PE_RATIO, PB_RATIO) VALUES (79, 2024, 3, 4, 22.5, 208680.2, 927450.8, 19.75, 158.0, 43.04, 15.29, 1.65);
INSERT INTO MARKET_DATA (MARKET_ID, YEAR, QUARTER, BANK_ID, CET1, CET_CAPITAL, RWA, SHARE_PRICE, MARKET_CAP_AED_BN, MARKET_CAP_USD_BN, PE_RATIO, PB_RATIO) VALUES (80, 2024, 4, 4, 23.2, 228450.6, 984680.2, 20.95, 167.6, 45.67, 15.62, 1.7);
INSERT INTO MARKET_DATA (MARKET_ID, YEAR, QUARTER, BANK_ID, CET1, CET_CAPITAL, RWA, SHARE_PRICE, MARKET_CAP_AED_BN, MARKET_CAP_USD_BN, PE_RATIO, PB_RATIO) VALUES (81, 2020, 1, 5, 17.2, 98680.4, 573450.8, 9.25, 185.5, 50.54, 8.49, 0.9);
INSERT INTO MARKET_DATA (MARKET_ID, YEAR, QUARTER, BANK_ID, CET1, CET_CAPITAL, RWA, SHARE_PRICE, MARKET_CAP_AED_BN, MARKET_CAP_USD_BN, PE_RATIO, PB_RATIO) VALUES (82, 2020, 2, 5, 16.8, 101450.8, 603680.2, 9.05, 181.75, 49.52, 8.78, 0.95);
INSERT INTO MARKET_DATA (MARKET_ID, YEAR, QUARTER, BANK_ID, CET1, CET_CAPITAL, RWA, SHARE_PRICE, MARKET_CAP_AED_BN, MARKET_CAP_USD_BN, PE_RATIO, PB_RATIO) VALUES (83, 2020, 3, 5, 16.4, 103680.2, 632450.6, 8.85, 177.65, 48.42, 9.08, 0.99);
INSERT INTO MARKET_DATA (MARKET_ID, YEAR, QUARTER, BANK_ID, CET1, CET_CAPITAL, RWA, SHARE_PRICE, MARKET_CAP_AED_BN, MARKET_CAP_USD_BN, PE_RATIO, PB_RATIO) VALUES (84, 2020, 4, 5, 16.0, 105450.6, 659280.4, 8.65, 173.68, 47.32, 9.37, 1.04);
INSERT INTO MARKET_DATA (MARKET_ID, YEAR, QUARTER, BANK_ID, CET1, CET_CAPITAL, RWA, SHARE_PRICE, MARKET_CAP_AED_BN, MARKET_CAP_USD_BN, PE_RATIO, PB_RATIO) VALUES (85, 2021, 1, 5, 16.5, 109680.4, 664850.2, 9.15, 183.75, 50.07, 9.98, 1.05);
INSERT INTO MARKET_DATA (MARKET_ID, YEAR, QUARTER, BANK_ID, CET1, CET_CAPITAL, RWA, SHARE_PRICE, MARKET_CAP_AED_BN, MARKET_CAP_USD_BN, PE_RATIO, PB_RATIO) VALUES (86, 2021, 2, 5, 17.0, 115450.2, 679280.6, 9.68, 194.42, 52.98, 10.29, 1.1);
INSERT INTO MARKET_DATA (MARKET_ID, YEAR, QUARTER, BANK_ID, CET1, CET_CAPITAL, RWA, SHARE_PRICE, MARKET_CAP_AED_BN, MARKET_CAP_USD_BN, PE_RATIO, PB_RATIO) VALUES (87, 2021, 3, 5, 17.5, 122680.8, 700450.4, 10.25, 206.02, 56.15, 10.61, 1.15);
INSERT INTO MARKET_DATA (MARKET_ID, YEAR, QUARTER, BANK_ID, CET1, CET_CAPITAL, RWA, SHARE_PRICE, MARKET_CAP_AED_BN, MARKET_CAP_USD_BN, PE_RATIO, PB_RATIO) VALUES (88, 2021, 4, 5, 18.2, 131450.4, 722680.2, 10.85, 218.02, 59.41, 10.92, 1.2);
INSERT INTO MARKET_DATA (MARKET_ID, YEAR, QUARTER, BANK_ID, CET1, CET_CAPITAL, RWA, SHARE_PRICE, MARKET_CAP_AED_BN, MARKET_CAP_USD_BN, PE_RATIO, PB_RATIO) VALUES (89, 2022, 1, 5, 18.8, 142680.4, 759450.2, 11.65, 234.08, 63.76, 11.53, 1.21);
INSERT INTO MARKET_DATA (MARKET_ID, YEAR, QUARTER, BANK_ID, CET1, CET_CAPITAL, RWA, SHARE_PRICE, MARKET_CAP_AED_BN, MARKET_CAP_USD_BN, PE_RATIO, PB_RATIO) VALUES (90, 2022, 2, 5, 19.5, 156450.8, 802680.4, 12.45, 250.42, 68.25, 11.85, 1.26);
INSERT INTO MARKET_DATA (MARKET_ID, YEAR, QUARTER, BANK_ID, CET1, CET_CAPITAL, RWA, SHARE_PRICE, MARKET_CAP_AED_BN, MARKET_CAP_USD_BN, PE_RATIO, PB_RATIO) VALUES (91, 2022, 3, 5, 20.2, 172680.2, 854450.6, 13.28, 267.01, 72.76, 12.17, 1.32);
INSERT INTO MARKET_DATA (MARKET_ID, YEAR, QUARTER, BANK_ID, CET1, CET_CAPITAL, RWA, SHARE_PRICE, MARKET_CAP_AED_BN, MARKET_CAP_USD_BN, PE_RATIO, PB_RATIO) VALUES (92, 2022, 4, 5, 20.8, 190450.6, 916280.2, 14.12, 283.84, 77.37, 12.48, 1.37);
INSERT INTO MARKET_DATA (MARKET_ID, YEAR, QUARTER, BANK_ID, CET1, CET_CAPITAL, RWA, SHARE_PRICE, MARKET_CAP_AED_BN, MARKET_CAP_USD_BN, PE_RATIO, PB_RATIO) VALUES (93, 2023, 1, 5, 21.5, 208680.4, 970450.8, 15.25, 306.52, 83.54, 13.11, 1.38);
INSERT INTO MARKET_DATA (MARKET_ID, YEAR, QUARTER, BANK_ID, CET1, CET_CAPITAL, RWA, SHARE_PRICE, MARKET_CAP_AED_BN, MARKET_CAP_USD_BN, PE_RATIO, PB_RATIO) VALUES (94, 2023, 2, 5, 22.2, 228450.2, 1028680.4, 16.15, 324.78, 88.48, 13.42, 1.43);
INSERT INTO MARKET_DATA (MARKET_ID, YEAR, QUARTER, BANK_ID, CET1, CET_CAPITAL, RWA, SHARE_PRICE, MARKET_CAP_AED_BN, MARKET_CAP_USD_BN, PE_RATIO, PB_RATIO) VALUES (95, 2023, 3, 5, 22.8, 250680.8, 1099450.2, 17.08, 343.36, 93.58, 13.74, 1.49);
INSERT INTO MARKET_DATA (MARKET_ID, YEAR, QUARTER, BANK_ID, CET1, CET_CAPITAL, RWA, SHARE_PRICE, MARKET_CAP_AED_BN, MARKET_CAP_USD_BN, PE_RATIO, PB_RATIO) VALUES (96, 2023, 4, 5, 23.5, 275450.6, 1172680.4, 17.95, 360.82, 98.32, 14.06, 1.54);
INSERT INTO MARKET_DATA (MARKET_ID, YEAR, QUARTER, BANK_ID, CET1, CET_CAPITAL, RWA, SHARE_PRICE, MARKET_CAP_AED_BN, MARKET_CAP_USD_BN, PE_RATIO, PB_RATIO) VALUES (97, 2024, 1, 5, 24.2, 298680.4, 1234850.2, 18.95, 381.02, 103.8, 14.68, 1.54);
INSERT INTO MARKET_DATA (MARKET_ID, YEAR, QUARTER, BANK_ID, CET1, CET_CAPITAL, RWA, SHARE_PRICE, MARKET_CAP_AED_BN, MARKET_CAP_USD_BN, PE_RATIO, PB_RATIO) VALUES (98, 2024, 2, 5, 24.8, 324450.8, 1309280.4, 19.85, 399.02, 108.7, 15.0, 1.6);
INSERT INTO MARKET_DATA (MARKET_ID, YEAR, QUARTER, BANK_ID, CET1, CET_CAPITAL, RWA, SHARE_PRICE, MARKET_CAP_AED_BN, MARKET_CAP_USD_BN, PE_RATIO, PB_RATIO) VALUES (99, 2024, 3, 5, 25.5, 352680.2, 1382450.8, 20.78, 417.64, 113.8, 15.32, 1.65);
INSERT INTO MARKET_DATA (MARKET_ID, YEAR, QUARTER, BANK_ID, CET1, CET_CAPITAL, RWA, SHARE_PRICE, MARKET_CAP_AED_BN, MARKET_CAP_USD_BN, PE_RATIO, PB_RATIO) VALUES (100, 2024, 4, 5, 26.2, 383450.4, 1463680.2, 21.65, 435.48, 118.67, 15.63, 1.71);

-- Commit batch
COMMIT;

INSERT INTO MARKET_DATA (MARKET_ID, YEAR, QUARTER, BANK_ID, CET1, CET_CAPITAL, RWA, SHARE_PRICE, MARKET_CAP_AED_BN, MARKET_CAP_USD_BN, PE_RATIO, PB_RATIO) VALUES (101, 2020, 1, 6, 14.5, 8450.2, 58280.4, 2.85, 5.72, 1.56, 8.36, 0.86);
INSERT INTO MARKET_DATA (MARKET_ID, YEAR, QUARTER, BANK_ID, CET1, CET_CAPITAL, RWA, SHARE_PRICE, MARKET_CAP_AED_BN, MARKET_CAP_USD_BN, PE_RATIO, PB_RATIO) VALUES (102, 2020, 2, 6, 14.2, 8680.4, 61250.8, 2.78, 5.58, 1.52, 8.66, 0.91);
INSERT INTO MARKET_DATA (MARKET_ID, YEAR, QUARTER, BANK_ID, CET1, CET_CAPITAL, RWA, SHARE_PRICE, MARKET_CAP_AED_BN, MARKET_CAP_USD_BN, PE_RATIO, PB_RATIO) VALUES (103, 2020, 3, 6, 13.8, 8950.2, 64850.6, 2.65, 5.32, 1.45, 8.95, 0.96);
INSERT INTO MARKET_DATA (MARKET_ID, YEAR, QUARTER, BANK_ID, CET1, CET_CAPITAL, RWA, SHARE_PRICE, MARKET_CAP_AED_BN, MARKET_CAP_USD_BN, PE_RATIO, PB_RATIO) VALUES (104, 2020, 4, 6, 13.4, 9250.4, 68950.2, 2.52, 5.06, 1.38, 9.25, 1.01);
INSERT INTO MARKET_DATA (MARKET_ID, YEAR, QUARTER, BANK_ID, CET1, CET_CAPITAL, RWA, SHARE_PRICE, MARKET_CAP_AED_BN, MARKET_CAP_USD_BN, PE_RATIO, PB_RATIO) VALUES (105, 2021, 1, 6, 13.8, 9680.4, 70250.8, 2.68, 5.38, 1.47, 9.85, 1.01);
INSERT INTO MARKET_DATA (MARKET_ID, YEAR, QUARTER, BANK_ID, CET1, CET_CAPITAL, RWA, SHARE_PRICE, MARKET_CAP_AED_BN, MARKET_CAP_USD_BN, PE_RATIO, PB_RATIO) VALUES (106, 2021, 2, 6, 14.2, 10450.2, 73680.4, 2.85, 5.72, 1.56, 10.16, 1.06);
INSERT INTO MARKET_DATA (MARKET_ID, YEAR, QUARTER, BANK_ID, CET1, CET_CAPITAL, RWA, SHARE_PRICE, MARKET_CAP_AED_BN, MARKET_CAP_USD_BN, PE_RATIO, PB_RATIO) VALUES (107, 2021, 3, 6, 14.8, 11680.2, 78850.4, 3.05, 6.12, 1.67, 10.46, 1.12);
INSERT INTO MARKET_DATA (MARKET_ID, YEAR, QUARTER, BANK_ID, CET1, CET_CAPITAL, RWA, SHARE_PRICE, MARKET_CAP_AED_BN, MARKET_CAP_USD_BN, PE_RATIO, PB_RATIO) VALUES (108, 2021, 4, 6, 15.2, 12950.4, 85250.8, 3.25, 6.52, 1.78, 10.76, 1.17);
INSERT INTO MARKET_DATA (MARKET_ID, YEAR, QUARTER, BANK_ID, CET1, CET_CAPITAL, RWA, SHARE_PRICE, MARKET_CAP_AED_BN, MARKET_CAP_USD_BN, PE_RATIO, PB_RATIO) VALUES (109, 2022, 1, 6, 15.8, 14250.4, 90450.2, 3.55, 7.12, 1.94, 11.37, 1.17);
INSERT INTO MARKET_DATA (MARKET_ID, YEAR, QUARTER, BANK_ID, CET1, CET_CAPITAL, RWA, SHARE_PRICE, MARKET_CAP_AED_BN, MARKET_CAP_USD_BN, PE_RATIO, PB_RATIO) VALUES (110, 2022, 2, 6, 16.5, 15680.4, 96280.4, 3.85, 7.72, 2.1, 11.68, 1.22);
INSERT INTO MARKET_DATA (MARKET_ID, YEAR, QUARTER, BANK_ID, CET1, CET_CAPITAL, RWA, SHARE_PRICE, MARKET_CAP_AED_BN, MARKET_CAP_USD_BN, PE_RATIO, PB_RATIO) VALUES (111, 2022, 3, 6, 17.2, 17450.4, 102850.2, 4.18, 8.38, 2.28, 11.98, 1.27);
INSERT INTO MARKET_DATA (MARKET_ID, YEAR, QUARTER, BANK_ID, CET1, CET_CAPITAL, RWA, SHARE_PRICE, MARKET_CAP_AED_BN, MARKET_CAP_USD_BN, PE_RATIO, PB_RATIO) VALUES (112, 2022, 4, 6, 17.8, 19680.6, 110450.4, 4.52, 9.08, 2.47, 12.29, 1.32);
INSERT INTO MARKET_DATA (MARKET_ID, YEAR, QUARTER, BANK_ID, CET1, CET_CAPITAL, RWA, SHARE_PRICE, MARKET_CAP_AED_BN, MARKET_CAP_USD_BN, PE_RATIO, PB_RATIO) VALUES (113, 2023, 1, 6, 18.5, 21680.4, 117450.8, 4.95, 9.94, 2.71, 12.9, 1.32);
INSERT INTO MARKET_DATA (MARKET_ID, YEAR, QUARTER, BANK_ID, CET1, CET_CAPITAL, RWA, SHARE_PRICE, MARKET_CAP_AED_BN, MARKET_CAP_USD_BN, PE_RATIO, PB_RATIO) VALUES (114, 2023, 2, 6, 19.2, 24450.2, 127280.6, 5.35, 10.74, 2.93, 13.21, 1.38);
INSERT INTO MARKET_DATA (MARKET_ID, YEAR, QUARTER, BANK_ID, CET1, CET_CAPITAL, RWA, SHARE_PRICE, MARKET_CAP_AED_BN, MARKET_CAP_USD_BN, PE_RATIO, PB_RATIO) VALUES (115, 2023, 3, 6, 19.8, 27680.8, 139850.2, 5.78, 11.6, 3.16, 13.52, 1.43);
INSERT INTO MARKET_DATA (MARKET_ID, YEAR, QUARTER, BANK_ID, CET1, CET_CAPITAL, RWA, SHARE_PRICE, MARKET_CAP_AED_BN, MARKET_CAP_USD_BN, PE_RATIO, PB_RATIO) VALUES (116, 2023, 4, 6, 20.5, 31450.8, 153280.4, 6.25, 12.54, 3.42, 13.82, 1.48);
INSERT INTO MARKET_DATA (MARKET_ID, YEAR, QUARTER, BANK_ID, CET1, CET_CAPITAL, RWA, SHARE_PRICE, MARKET_CAP_AED_BN, MARKET_CAP_USD_BN, PE_RATIO, PB_RATIO) VALUES (117, 2024, 1, 6, 21.2, 34680.4, 164850.2, 6.85, 13.74, 3.74, 14.44, 1.48);
INSERT INTO MARKET_DATA (MARKET_ID, YEAR, QUARTER, BANK_ID, CET1, CET_CAPITAL, RWA, SHARE_PRICE, MARKET_CAP_AED_BN, MARKET_CAP_USD_BN, PE_RATIO, PB_RATIO) VALUES (118, 2024, 2, 6, 21.8, 38450.8, 177680.4, 7.45, 14.96, 4.08, 14.75, 1.54);
INSERT INTO MARKET_DATA (MARKET_ID, YEAR, QUARTER, BANK_ID, CET1, CET_CAPITAL, RWA, SHARE_PRICE, MARKET_CAP_AED_BN, MARKET_CAP_USD_BN, PE_RATIO, PB_RATIO) VALUES (119, 2024, 3, 6, 22.5, 42680.2, 191450.8, 8.15, 16.36, 4.46, 15.06, 1.59);
INSERT INTO MARKET_DATA (MARKET_ID, YEAR, QUARTER, BANK_ID, CET1, CET_CAPITAL, RWA, SHARE_PRICE, MARKET_CAP_AED_BN, MARKET_CAP_USD_BN, PE_RATIO, PB_RATIO) VALUES (120, 2024, 4, 6, 23.2, 47450.6, 206280.2, 8.75, 17.58, 4.79, 15.38, 1.64);

COMMIT;

-- =====================================================
-- Re-enable foreign key constraints
-- =====================================================
ALTER TABLE FINANCIAL_PERFORMANCE ENABLE CONSTRAINT FK_FIN_PERF_BANK;
ALTER TABLE MARKET_DATA ENABLE CONSTRAINT FK_MARKET_DATA_BANK;

-- =====================================================
-- Gather statistics for optimizer
-- =====================================================
BEGIN
  DBMS_STATS.GATHER_TABLE_STATS(USER, 'BANKS');
  DBMS_STATS.GATHER_TABLE_STATS(USER, 'FINANCIAL_PERFORMANCE');
  DBMS_STATS.GATHER_TABLE_STATS(USER, 'MARKET_DATA');
END;
/

-- =====================================================
-- Verify data load
-- =====================================================
SELECT 'BANKS' as TABLE_NAME, COUNT(*) as ROW_COUNT FROM BANKS
UNION ALL
SELECT 'FINANCIAL_PERFORMANCE', COUNT(*) FROM FINANCIAL_PERFORMANCE
UNION ALL
SELECT 'MARKET_DATA', COUNT(*) FROM MARKET_DATA;

-- Display sample data
SELECT * FROM V_BANK_PERFORMANCE_DASHBOARD WHERE ROWNUM <= 10;